,filename,type,folder
0,ckictsenl0000246a2itn28ts.jpeg,jpeg,train
1,ckictsenl0000246a2itn28ts.txt,txt,train
2,ckictsenl0000246a2itn28ts.xml,xml,train
3,ckictw05s0001246aeel6cew4.jpeg,jpeg,train
4,ckictw05s0001246aeel6cew4.txt,txt,train
5,ckictw05s0001246aeel6cew4.xml,xml,train
6,ckictycsy0002246ajt63dkm5.jpeg,jpeg,train
7,ckictycsy0002246ajt63dkm5.txt,txt,train
8,ckictycsy0002246ajt63dkm5.xml,xml,train
9,ckicu0kmg0003246ab7jnyofh.jpeg,jpeg,train
10,ckicu0kmg0003246ab7jnyofh.txt,txt,train
11,ckicu0kmg0003246ab7jnyofh.xml,xml,train
12,ckicu2qge0004246aqxvb5nvw.jpeg,jpeg,train
13,ckicu2qge0004246aqxvb5nvw.txt,txt,train
14,ckicu2qge0004246aqxvb5nvw.xml,xml,train
15,ckicu4p9f0005246a6fsh626t.jpeg,jpeg,train
16,ckicu4p9f0005246a6fsh626t.txt,txt,train
17,ckicu4p9f0005246a6fsh626t.xml,xml,train
18,ckicu74au0006246a2o83cezi.jpeg,jpeg,train
19,ckicu74au0006246a2o83cezi.txt,txt,train
20,ckicu74au0006246a2o83cezi.xml,xml,train
21,ckicu9ere0007246agdm9mb4i.jpeg,jpeg,train
22,ckicu9ere0007246agdm9mb4i.txt,txt,train
23,ckicu9ere0007246agdm9mb4i.xml,xml,train
24,ckicuba190008246a3sunoeg2.jpeg,jpeg,train
25,ckicuba190008246a3sunoeg2.txt,txt,train
26,ckicuba190008246a3sunoeg2.xml,xml,train
27,ckicud7x00009246ag1nahatj.jpeg,jpeg,train
28,ckicud7x00009246ag1nahatj.txt,txt,train
29,ckicud7x00009246ag1nahatj.xml,xml,train
30,ckicuf6jf000a246axa0bp4ut.png,png,train
31,ckicuf6jf000a246axa0bp4ut.txt,txt,train
32,ckicuf6jf000a246axa0bp4ut.xml,xml,train
33,ckicuhdif000b246a6jak4g6p.jpeg,jpeg,train
34,ckicuhdif000b246a6jak4g6p.txt,txt,train
35,ckicuhdif000b246a6jak4g6p.xml,xml,train
36,ckicuj2r7000c246a6fg2c4eg.jpeg,jpeg,train
37,ckicuj2r7000c246a6fg2c4eg.txt,txt,train
38,ckicuj2r7000c246a6fg2c4eg.xml,xml,train
39,ckiculmaz000e246awbz1rud4.jpeg,jpeg,train
40,ckiculmaz000e246awbz1rud4.txt,txt,train
41,ckiculmaz000e246awbz1rud4.xml,xml,train
42,ckicun63y000f246aao77izay.jpeg,jpeg,train
43,ckicun63y000f246aao77izay.txt,txt,train
44,ckicun63y000f246aao77izay.xml,xml,train
45,ckicuqmuw000h246a6qc5ndoj.jpeg,jpeg,train
46,ckicuqmuw000h246a6qc5ndoj.txt,txt,train
47,ckicuqmuw000h246a6qc5ndoj.xml,xml,train
48,ckicv9l9g000j246a31411ve8.jpeg,jpeg,train
49,ckicv9l9g000j246a31411ve8.txt,txt,train
50,ckicv9l9g000j246a31411ve8.xml,xml,train
51,ckicvb7gq000k246aodh6vpdd.jpeg,jpeg,train
52,ckicvb7gq000k246aodh6vpdd.txt,txt,train
53,ckicvb7gq000k246aodh6vpdd.xml,xml,train
54,ckicvd7i3000l246adt7wcwlh.png,png,train
55,ckicvd7i3000l246adt7wcwlh.txt,txt,train
56,ckicvd7i3000l246adt7wcwlh.xml,xml,train
57,ckicxayjl000m246ac9srfztg.png,png,train
58,ckicxayjl000m246ac9srfztg.txt,txt,train
59,ckicxayjl000m246ac9srfztg.xml,xml,train
60,ckicxd12u000n246awnhvd62f.jpeg,jpeg,train
61,ckicxd12u000n246awnhvd62f.txt,txt,train
62,ckicxd12u000n246awnhvd62f.xml,xml,train
63,ckicxfdv1000o246a8rz2otyd.jpeg,jpeg,train
64,ckicxfdv1000o246a8rz2otyd.txt,txt,train
65,ckicxfdv1000o246a8rz2otyd.xml,xml,train
66,ckicxhg31000p246ay6i8h9zg.jpeg,jpeg,train
67,ckicxhg31000p246ay6i8h9zg.txt,txt,train
68,ckicxhg31000p246ay6i8h9zg.xml,xml,train
69,ckicxizmk000q246ar1j99jy3.jpeg,jpeg,train
70,ckicxizmk000q246ar1j99jy3.txt,txt,train
71,ckicxizmk000q246ar1j99jy3.xml,xml,train
72,ckicxkxew000r246atma8nywc.jpeg,jpeg,train
73,ckicxkxew000r246atma8nywc.txt,txt,train
74,ckicxkxew000r246atma8nywc.xml,xml,train
75,ckicxnvww000s246aa6qomudl.jpeg,jpeg,train
76,ckicxnvww000s246aa6qomudl.txt,txt,train
77,ckicxnvww000s246aa6qomudl.xml,xml,train
78,ckicxr7mc000t246at3qyper2.jpeg,jpeg,train
79,ckicxr7mc000t246at3qyper2.txt,txt,train
80,ckicxr7mc000t246at3qyper2.xml,xml,train
81,ckicxt0op000u246alg56ihkb.jpeg,jpeg,train
82,ckicxt0op000u246alg56ihkb.txt,txt,train
83,ckicxt0op000u246alg56ihkb.xml,xml,train
84,ckicxvbyp000w246a0gvltjb6.jpeg,jpeg,train
85,ckicxvbyp000w246a0gvltjb6.txt,txt,train
86,ckicxvbyp000w246a0gvltjb6.xml,xml,train
87,ckicxwqkx000x246ad06upnyg.jpeg,jpeg,train
88,ckicxwqkx000x246ad06upnyg.txt,txt,train
89,ckicxwqkx000x246ad06upnyg.xml,xml,train
90,ckicxy7t8000y246ajfjw4b8t.png,png,train
91,ckicxy7t8000y246ajfjw4b8t.txt,txt,train
92,ckicxy7t8000y246ajfjw4b8t.xml,xml,train
93,ckicxznlh000z246a25z943ga.jpeg,jpeg,train
94,ckicxznlh000z246a25z943ga.txt,txt,train
95,ckicxznlh000z246a25z943ga.xml,xml,train
96,ckicy0gdl0010246aqtbhsypi.jpeg,jpeg,train
97,ckicy0gdl0010246aqtbhsypi.txt,txt,train
98,ckicy0gdl0010246aqtbhsypi.xml,xml,train
99,ckicy1oxw0011246apxpmum91.jpeg,jpeg,train
100,ckicy1oxw0011246apxpmum91.txt,txt,train
101,ckicy1oxw0011246apxpmum91.xml,xml,train
102,ckicy39te0012246a8ay0v7dr.jpeg,jpeg,train
103,ckicy39te0012246a8ay0v7dr.txt,txt,train
104,ckicy39te0012246a8ay0v7dr.xml,xml,train
105,ckicy4o3z0013246arqlvht46.jpeg,jpeg,train
106,ckicy4o3z0013246arqlvht46.txt,txt,train
107,ckicy4o3z0013246arqlvht46.xml,xml,train
108,ckicy67w80014246a06offtl7.jpeg,jpeg,train
109,ckicy67w80014246a06offtl7.txt,txt,train
110,ckicy67w80014246a06offtl7.xml,xml,train
111,ckicy8cjl0016246aa8m39mec.jpeg,jpeg,train
112,ckicy8cjl0016246aa8m39mec.txt,txt,train
113,ckicy8cjl0016246aa8m39mec.xml,xml,train
114,ckicy9w2m0017246ajcvuh90q.png,png,train
115,ckicy9w2m0017246ajcvuh90q.txt,txt,train
116,ckicy9w2m0017246ajcvuh90q.xml,xml,train
117,ckicyiij20018246aw3jdv0t7.jpeg,jpeg,train
118,ckicyiij20018246aw3jdv0t7.txt,txt,train
119,ckicyiij20018246aw3jdv0t7.xml,xml,train
120,ckicylr5t001a246aiuxwcjks.jpeg,jpeg,train
121,ckicylr5t001a246aiuxwcjks.txt,txt,train
122,ckicylr5t001a246aiuxwcjks.xml,xml,train
123,ckicyoqyw001b246adcsbwzpv.png,png,train
124,ckicyoqyw001b246adcsbwzpv.txt,txt,train
125,ckicyoqyw001b246adcsbwzpv.xml,xml,train
126,ckicyqnz2001c246az55zrhah.jpeg,jpeg,train
127,ckicyqnz2001c246az55zrhah.txt,txt,train
128,ckicyqnz2001c246az55zrhah.xml,xml,train
129,ckicyspah001d246alfgflkl1.png,png,train
130,ckicyspah001d246alfgflkl1.txt,txt,train
131,ckicyspah001d246alfgflkl1.xml,xml,train
132,ckicyu1dg001e246azy0uxv4i.jpeg,jpeg,train
133,ckicyu1dg001e246azy0uxv4i.txt,txt,train
134,ckicyu1dg001e246azy0uxv4i.xml,xml,train
135,ckicyvftn001f246a7hel9c3d.jpeg,jpeg,train
136,ckicyvftn001f246a7hel9c3d.txt,txt,train
137,ckicyvftn001f246a7hel9c3d.xml,xml,train
138,ckicywqzd001g246afybws3vv.jpeg,jpeg,train
139,ckicywqzd001g246afybws3vv.txt,txt,train
140,ckicywqzd001g246afybws3vv.xml,xml,train
141,ckicyxz7e001h246ap9zmlbb8.jpeg,jpeg,train
142,ckicyxz7e001h246ap9zmlbb8.txt,txt,train
143,ckicyxz7e001h246ap9zmlbb8.xml,xml,train
144,ckicyza76001i246ay8xxw8vb.jpeg,jpeg,train
145,ckicyza76001i246ay8xxw8vb.txt,txt,train
146,ckicyza76001i246ay8xxw8vb.xml,xml,train
147,ckicz0t52001j246aihmc25ba.jpeg,jpeg,train
148,ckicz0t52001j246aihmc25ba.txt,txt,train
149,ckicz0t52001j246aihmc25ba.xml,xml,train
150,ckicz22ot001k246arlafx3nv.jpeg,jpeg,train
151,ckicz22ot001k246arlafx3nv.txt,txt,train
152,ckicz22ot001k246arlafx3nv.xml,xml,train
153,ckicz3yrj001l246a28z89org.jpeg,jpeg,train
154,ckicz3yrj001l246a28z89org.txt,txt,train
155,ckicz3yrj001l246a28z89org.xml,xml,train
156,ckicz6yqy001n246aes5gr98i.jpeg,jpeg,train
157,ckicz6yqy001n246aes5gr98i.txt,txt,train
158,ckicz6yqy001n246aes5gr98i.xml,xml,train
159,ckicz8s13001o246ajx876s5y.jpeg,jpeg,train
160,ckicz8s13001o246ajx876s5y.txt,txt,train
161,ckicz8s13001o246ajx876s5y.xml,xml,train
162,ckiczcjuj001p246ayu84qw4k.png,png,train
163,ckiczcjuj001p246ayu84qw4k.txt,txt,train
164,ckiczcjuj001p246ayu84qw4k.xml,xml,train
165,ckiczdqyn001q246au8m6yybo.jpeg,jpeg,train
166,ckiczdqyn001q246au8m6yybo.txt,txt,train
167,ckiczdqyn001q246au8m6yybo.xml,xml,train
168,ckiczfkq2001r246a7irymgr2.png,png,train
169,ckiczfkq2001r246a7irymgr2.txt,txt,train
170,ckiczfkq2001r246a7irymgr2.xml,xml,train
171,ckiczgqqg001s246au2jc6frk.jpeg,jpeg,train
172,ckiczgqqg001s246au2jc6frk.txt,txt,train
173,ckiczgqqg001s246au2jc6frk.xml,xml,train
174,ckiczi93d001t246a08zhay6l.png,png,train
175,ckiczi93d001t246a08zhay6l.txt,txt,train
176,ckiczi93d001t246a08zhay6l.xml,xml,train
177,ckiczji41001u246a7lulhk7n.jpeg,jpeg,train
178,ckiczji41001u246a7lulhk7n.txt,txt,train
179,ckiczji41001u246a7lulhk7n.xml,xml,train
180,ckiczkzib001v246au2d37y67.png,png,train
181,ckiczkzib001v246au2d37y67.txt,txt,train
182,ckiczkzib001v246au2d37y67.xml,xml,train
183,ckiczm8jt001w246awqd5rlta.jpeg,jpeg,train
184,ckiczm8jt001w246awqd5rlta.txt,txt,train
185,ckiczm8jt001w246awqd5rlta.xml,xml,train
186,ckicznjdl001x246a6u2mmuw0.jpeg,jpeg,train
187,ckicznjdl001x246a6u2mmuw0.txt,txt,train
188,ckicznjdl001x246a6u2mmuw0.xml,xml,train
189,ckiczopdl001y246azg9zegkp.jpeg,jpeg,train
190,ckiczopdl001y246azg9zegkp.txt,txt,train
191,ckiczopdl001y246azg9zegkp.xml,xml,train
192,ckiczqd2i001z246an3qwxca9.jpeg,jpeg,train
193,ckiczqd2i001z246an3qwxca9.txt,txt,train
194,ckiczqd2i001z246an3qwxca9.xml,xml,train
195,ckiczrifx0020246ay8apfbfi.jpeg,jpeg,train
196,ckiczrifx0020246ay8apfbfi.txt,txt,train
197,ckiczrifx0020246ay8apfbfi.xml,xml,train
198,ckiczsqt30021246at3gyxfcb.jpeg,jpeg,train
199,ckiczsqt30021246at3gyxfcb.txt,txt,train
200,ckiczsqt30021246at3gyxfcb.xml,xml,train
201,ckiczud3m0022246akwctobb0.jpeg,jpeg,train
202,ckiczud3m0022246akwctobb0.txt,txt,train
203,ckiczud3m0022246akwctobb0.xml,xml,train
204,ckiczvohi0023246aa34hjkpp.jpeg,jpeg,train
205,ckiczvohi0023246aa34hjkpp.txt,txt,train
206,ckiczvohi0023246aa34hjkpp.xml,xml,train
207,ckiczx5ue0024246ac10szzqk.jpeg,jpeg,train
208,ckiczx5ue0024246ac10szzqk.txt,txt,train
209,ckiczx5ue0024246ac10szzqk.xml,xml,train
210,ckiczyhvx0025246aw1urmz65.jpeg,jpeg,train
211,ckiczyhvx0025246aw1urmz65.txt,txt,train
212,ckiczyhvx0025246aw1urmz65.xml,xml,train
213,ckiczzwkm0026246ap6bvgv2m.jpeg,jpeg,train
214,ckiczzwkm0026246ap6bvgv2m.txt,txt,train
215,ckiczzwkm0026246ap6bvgv2m.xml,xml,train
216,ckid01ukw0027246aapjr03a9.jpeg,jpeg,train
217,ckid01ukw0027246aapjr03a9.txt,txt,train
218,ckid01ukw0027246aapjr03a9.xml,xml,train
219,ckid034t30028246a9krxpo70.png,png,train
220,ckid034t30028246a9krxpo70.txt,txt,train
221,ckid034t30028246a9krxpo70.xml,xml,train
222,ckid04bl00029246aefmq02ru.jpeg,jpeg,train
223,ckid04bl00029246aefmq02ru.txt,txt,train
224,ckid04bl00029246aefmq02ru.xml,xml,train
225,ckid05ps5002a246a31dtk9tp.png,png,train
226,ckid05ps5002a246a31dtk9tp.txt,txt,train
227,ckid05ps5002a246a31dtk9tp.xml,xml,train
228,ckid07ja6002b246aqlofxau6.jpeg,jpeg,train
229,ckid07ja6002b246aqlofxau6.txt,txt,train
230,ckid07ja6002b246aqlofxau6.xml,xml,train
231,ckid08p7e002c246aa530hgr7.png,png,train
232,ckid08p7e002c246aa530hgr7.txt,txt,train
233,ckid08p7e002c246aa530hgr7.xml,xml,train
234,ckid0bke7002e246a9i1obcqq.png,png,train
235,ckid0bke7002e246a9i1obcqq.txt,txt,train
236,ckid0bke7002e246a9i1obcqq.xml,xml,train
237,ckid0co5b002f246aju9poobo.jpeg,jpeg,train
238,ckid0co5b002f246aju9poobo.txt,txt,train
239,ckid0co5b002f246aju9poobo.xml,xml,train
240,ckid0e01u002g246apicire3w.png,png,train
241,ckid0e01u002g246apicire3w.txt,txt,train
242,ckid0e01u002g246apicire3w.xml,xml,train
243,ckid0f9bo002h246apjgcridt.jpeg,jpeg,train
244,ckid0f9bo002h246apjgcridt.txt,txt,train
245,ckid0f9bo002h246apjgcridt.xml,xml,train
246,ckid0gu9c002i246a90xe99zp.jpeg,jpeg,train
247,ckid0gu9c002i246a90xe99zp.txt,txt,train
248,ckid0gu9c002i246a90xe99zp.xml,xml,train
249,ckid0io3w002j246alf7y20bb.jpeg,jpeg,train
250,ckid0io3w002j246alf7y20bb.txt,txt,train
251,ckid0io3w002j246alf7y20bb.xml,xml,train
252,ckid0k377002k246aa82z7ygk.jpeg,jpeg,train
253,ckid0k377002k246aa82z7ygk.txt,txt,train
254,ckid0k377002k246aa82z7ygk.xml,xml,train
255,ckid0lets002l246a45i89zfm.jpeg,jpeg,train
256,ckid0lets002l246a45i89zfm.txt,txt,train
257,ckid0lets002l246a45i89zfm.xml,xml,train
258,ckid0mio0002m246adn07btx6.jpeg,jpeg,train
259,ckid0mio0002m246adn07btx6.txt,txt,train
260,ckid0mio0002m246adn07btx6.xml,xml,train
261,ckid0nrvl002n246aal149tzr.jpeg,jpeg,train
262,ckid0nrvl002n246aal149tzr.txt,txt,train
263,ckid0nrvl002n246aal149tzr.xml,xml,train
264,ckid0pd9p002o246ayis7yj9l.jpeg,jpeg,train
265,ckid0pd9p002o246ayis7yj9l.txt,txt,train
266,ckid0pd9p002o246ayis7yj9l.xml,xml,train
267,ckid0qw4s002p246agwx1k6r4.jpeg,jpeg,train
268,ckid0qw4s002p246agwx1k6r4.txt,txt,train
269,ckid0qw4s002p246agwx1k6r4.xml,xml,train
270,ckid0s182002q246a04leqzk8.jpeg,jpeg,train
271,ckid0s182002q246a04leqzk8.txt,txt,train
272,ckid0s182002q246a04leqzk8.xml,xml,train
273,ckid0tirs002r246aabj19q3u.jpeg,jpeg,train
274,ckid0tirs002r246aabj19q3u.txt,txt,train
275,ckid0tirs002r246aabj19q3u.xml,xml,train
276,ckid0upbn002s246a0fwgqsmb.jpeg,jpeg,train
277,ckid0upbn002s246a0fwgqsmb.txt,txt,train
278,ckid0upbn002s246a0fwgqsmb.xml,xml,train
279,ckid0w0kb002t246as4lqa3ja.jpeg,jpeg,train
280,ckid0w0kb002t246as4lqa3ja.txt,txt,train
281,ckid0w0kb002t246as4lqa3ja.xml,xml,train
282,ckid0x83t002u246an9q1fdz5.jpeg,jpeg,train
283,ckid0x83t002u246an9q1fdz5.txt,txt,train
284,ckid0x83t002u246an9q1fdz5.xml,xml,train
285,ckid0ybsp002v246a02if7u5v.jpeg,jpeg,train
286,ckid0ybsp002v246a02if7u5v.txt,txt,train
287,ckid0ybsp002v246a02if7u5v.xml,xml,train
288,ckid0zfin002w246aw4h6l5nh.jpeg,jpeg,train
289,ckid0zfin002w246aw4h6l5nh.txt,txt,train
290,ckid0zfin002w246aw4h6l5nh.xml,xml,train
291,ckid10cqi002x246at3d667yo.jpeg,jpeg,train
292,ckid10cqi002x246at3d667yo.txt,txt,train
293,ckid10cqi002x246at3d667yo.xml,xml,train
294,ckid1257p002y246aa23kaopk.jpeg,jpeg,train
295,ckid1257p002y246aa23kaopk.txt,txt,train
296,ckid1257p002y246aa23kaopk.xml,xml,train
297,ckid13acf002z246aqquux1u1.jpeg,jpeg,train
298,ckid13acf002z246aqquux1u1.txt,txt,train
299,ckid13acf002z246aqquux1u1.xml,xml,train
300,ckid14fy50030246aapab94ud.jpeg,jpeg,train
301,ckid14fy50030246aapab94ud.txt,txt,train
302,ckid14fy50030246aapab94ud.xml,xml,train
303,ckid15p5a0031246a2xnm5g5j.jpeg,jpeg,train
304,ckid15p5a0031246a2xnm5g5j.txt,txt,train
305,ckid15p5a0031246a2xnm5g5j.xml,xml,train
306,ckid16x2r0032246axxyes587.jpeg,jpeg,train
307,ckid16x2r0032246axxyes587.txt,txt,train
308,ckid16x2r0032246axxyes587.xml,xml,train
309,ckid187dc0033246amb2rzom1.jpeg,jpeg,train
310,ckid187dc0033246amb2rzom1.txt,txt,train
311,ckid187dc0033246amb2rzom1.xml,xml,train
312,ckid19fcu0034246aw34h6212.jpeg,jpeg,train
313,ckid19fcu0034246aw34h6212.txt,txt,train
314,ckid19fcu0034246aw34h6212.xml,xml,train
315,ckid1aq6p0035246aul12bp7r.jpeg,jpeg,train
316,ckid1aq6p0035246aul12bp7r.txt,txt,train
317,ckid1aq6p0035246aul12bp7r.xml,xml,train
318,ckid1br0y0036246ajpcyt619.jpeg,jpeg,train
319,ckid1br0y0036246ajpcyt619.txt,txt,train
320,ckid1br0y0036246ajpcyt619.xml,xml,train
321,ckid1d0gh0037246a0kae53jr.jpeg,jpeg,train
322,ckid1d0gh0037246a0kae53jr.txt,txt,train
323,ckid1d0gh0037246a0kae53jr.xml,xml,train
324,ckid1e5w40038246a6c1hfg2d.jpeg,jpeg,train
325,ckid1e5w40038246a6c1hfg2d.txt,txt,train
326,ckid1e5w40038246a6c1hfg2d.xml,xml,train
327,ckid1ez2l0039246auuqp0qvz.jpeg,jpeg,train
328,ckid1ez2l0039246auuqp0qvz.txt,txt,train
329,ckid1ez2l0039246auuqp0qvz.xml,xml,train
330,ckid1ge1j003a246adaf92ay6.jpeg,jpeg,train
331,ckid1ge1j003a246adaf92ay6.txt,txt,train
332,ckid1ge1j003a246adaf92ay6.xml,xml,train
333,ckid1hhzu003b246ablh6xw4e.jpeg,jpeg,train
334,ckid1hhzu003b246ablh6xw4e.txt,txt,train
335,ckid1hhzu003b246ablh6xw4e.xml,xml,train
336,ckid1k08o003c246a7gvelda0.jpeg,jpeg,train
337,ckid1k08o003c246a7gvelda0.txt,txt,train
338,ckid1k08o003c246a7gvelda0.xml,xml,train
339,ckid1lx7l003d246ala6vzs1s.jpeg,jpeg,train
340,ckid1lx7l003d246ala6vzs1s.txt,txt,train
341,ckid1lx7l003d246ala6vzs1s.xml,xml,train
342,ckid1nct3003e246a2cvz7jzs.jpeg,jpeg,train
343,ckid1nct3003e246a2cvz7jzs.txt,txt,train
344,ckid1nct3003e246a2cvz7jzs.xml,xml,train
345,ckid1olht003f246a08lmevod.jpeg,jpeg,train
346,ckid1olht003f246a08lmevod.txt,txt,train
347,ckid1olht003f246a08lmevod.xml,xml,train
348,ckid1q2el003g246afckhsuzf.jpeg,jpeg,train
349,ckid1q2el003g246afckhsuzf.txt,txt,train
350,ckid1q2el003g246afckhsuzf.xml,xml,train
351,ckid1rccj003h246a1p6yi7he.jpeg,jpeg,train
352,ckid1rccj003h246a1p6yi7he.txt,txt,train
353,ckid1rccj003h246a1p6yi7he.xml,xml,train
354,ckid1ssqx003i246ao2i6xlwo.jpeg,jpeg,train
355,ckid1ssqx003i246ao2i6xlwo.txt,txt,train
356,ckid1ssqx003i246ao2i6xlwo.xml,xml,train
357,ckid1ud57003j246a1id67nsc.jpeg,jpeg,train
358,ckid1ud57003j246a1id67nsc.txt,txt,train
359,ckid1ud57003j246a1id67nsc.xml,xml,train
360,ckid1vq01003k246agzbe1dlo.jpeg,jpeg,train
361,ckid1vq01003k246agzbe1dlo.txt,txt,train
362,ckid1vq01003k246agzbe1dlo.xml,xml,train
363,ckid1xn5h003l246a71621b3v.jpeg,jpeg,train
364,ckid1xn5h003l246a71621b3v.txt,txt,train
365,ckid1xn5h003l246a71621b3v.xml,xml,train
366,ckid1z3js003m246aa8dtbzw9.jpeg,jpeg,train
367,ckid1z3js003m246aa8dtbzw9.txt,txt,train
368,ckid1z3js003m246aa8dtbzw9.xml,xml,train
369,ckid20u6s003n246a2s0d2gah.jpeg,jpeg,train
370,ckid20u6s003n246a2s0d2gah.txt,txt,train
371,ckid20u6s003n246a2s0d2gah.xml,xml,train
372,ckie3ty4n003o246adl0py653.jpeg,jpeg,train
373,ckie3ty4n003o246adl0py653.txt,txt,train
374,ckie3ty4n003o246adl0py653.xml,xml,train
375,ckie3vi7j003p246a88ks6c20.jpeg,jpeg,train
376,ckie3vi7j003p246a88ks6c20.txt,txt,train
377,ckie3vi7j003p246a88ks6c20.xml,xml,train
378,ckie3wvty003q246admjt44dh.jpeg,jpeg,train
379,ckie3wvty003q246admjt44dh.txt,txt,train
380,ckie3wvty003q246admjt44dh.xml,xml,train
381,ckie3ycgq003r246abj3yg0u8.jpeg,jpeg,train
382,ckie3ycgq003r246abj3yg0u8.txt,txt,train
383,ckie3ycgq003r246abj3yg0u8.xml,xml,train
384,ckie402bq003s246aqfp8fa4n.jpeg,jpeg,train
385,ckie402bq003s246aqfp8fa4n.txt,txt,train
386,ckie402bq003s246aqfp8fa4n.xml,xml,train
387,ckie41hys003t246a24wo5uj8.jpeg,jpeg,train
388,ckie41hys003t246a24wo5uj8.txt,txt,train
389,ckie41hys003t246a24wo5uj8.xml,xml,train
390,ckie44v5g003v246ao0mrfwfv.jpeg,jpeg,train
391,ckie44v5g003v246ao0mrfwfv.txt,txt,train
392,ckie44v5g003v246ao0mrfwfv.xml,xml,train
393,ckie466q7003w246aybkuoeqy.jpeg,jpeg,train
394,ckie466q7003w246aybkuoeqy.txt,txt,train
395,ckie466q7003w246aybkuoeqy.xml,xml,train
396,ckie4dx82003y246ar3y84z7c.jpeg,jpeg,train
397,ckie4dx82003y246ar3y84z7c.txt,txt,train
398,ckie4dx82003y246ar3y84z7c.xml,xml,train
399,ckie4fc96003z246a76ac4qzq.jpeg,jpeg,train
400,ckie4fc96003z246a76ac4qzq.txt,txt,train
401,ckie4fc96003z246a76ac4qzq.xml,xml,train
402,ckie4gyob0040246apn1klg6c.jpeg,jpeg,train
403,ckie4gyob0040246apn1klg6c.txt,txt,train
404,ckie4gyob0040246apn1klg6c.xml,xml,train
405,ckie4iepb0041246ahktdt85q.jpeg,jpeg,train
406,ckie4iepb0041246ahktdt85q.txt,txt,train
407,ckie4iepb0041246ahktdt85q.xml,xml,train
408,ckie4k0iq0042246amcbaqr5e.jpeg,jpeg,train
409,ckie4k0iq0042246amcbaqr5e.txt,txt,train
410,ckie4k0iq0042246amcbaqr5e.xml,xml,train
411,ckie4lts30043246av9q5q1px.jpeg,jpeg,train
412,ckie4lts30043246av9q5q1px.txt,txt,train
413,ckie4lts30043246av9q5q1px.xml,xml,train
414,ckie4nu6i0044246alieyhkq3.jpeg,jpeg,train
415,ckie4nu6i0044246alieyhkq3.txt,txt,train
416,ckie4nu6i0044246alieyhkq3.xml,xml,train
417,ckie4p8es0045246amn85d72i.jpeg,jpeg,train
418,ckie4p8es0045246amn85d72i.txt,txt,train
419,ckie4p8es0045246amn85d72i.xml,xml,train
420,ckie4qudq0046246aq4qpr4ij.jpeg,jpeg,train
421,ckie4qudq0046246aq4qpr4ij.txt,txt,train
422,ckie4qudq0046246aq4qpr4ij.xml,xml,train
423,ckie4s8q10047246a1g2cttwc.jpeg,jpeg,train
424,ckie4s8q10047246a1g2cttwc.txt,txt,train
425,ckie4s8q10047246a1g2cttwc.xml,xml,train
426,ckie4tdaa0048246a0uuzadk9.jpeg,jpeg,train
427,ckie4tdaa0048246a0uuzadk9.txt,txt,train
428,ckie4tdaa0048246a0uuzadk9.xml,xml,train
429,ckie4vcug0049246asf22coon.jpeg,jpeg,train
430,ckie4vcug0049246asf22coon.txt,txt,train
431,ckie4vcug0049246asf22coon.xml,xml,train
432,ckie4wzkm004a246aj3hwbdmo.jpeg,jpeg,train
433,ckie4wzkm004a246aj3hwbdmo.txt,txt,train
434,ckie4wzkm004a246aj3hwbdmo.xml,xml,train
435,ckie4ye5z004b246anlr82e9x.jpeg,jpeg,train
436,ckie4ye5z004b246anlr82e9x.txt,txt,train
437,ckie4ye5z004b246anlr82e9x.xml,xml,train
438,ckie4znsf004c246a83yfo64r.jpeg,jpeg,train
439,ckie4znsf004c246a83yfo64r.txt,txt,train
440,ckie4znsf004c246a83yfo64r.xml,xml,train
441,ckie50ylu004d246aigidxbub.jpeg,jpeg,train
442,ckie50ylu004d246aigidxbub.txt,txt,train
443,ckie50ylu004d246aigidxbub.xml,xml,train
444,ckie52fpo004e246ahm71p0c7.jpeg,jpeg,train
445,ckie52fpo004e246ahm71p0c7.txt,txt,train
446,ckie52fpo004e246ahm71p0c7.xml,xml,train
447,ckie53l81004f246asa7cr98v.jpeg,jpeg,train
448,ckie53l81004f246asa7cr98v.txt,txt,train
449,ckie53l81004f246asa7cr98v.xml,xml,train
450,ckie54vdv004g246a67dnzyc1.jpeg,jpeg,train
451,ckie54vdv004g246a67dnzyc1.txt,txt,train
452,ckie54vdv004g246a67dnzyc1.xml,xml,train
453,ckie56c5s004h246ad8sp7p7j.jpeg,jpeg,train
454,ckie56c5s004h246ad8sp7p7j.txt,txt,train
455,ckie56c5s004h246ad8sp7p7j.xml,xml,train
456,ckie57pt9004i246ari9ey0dv.jpeg,jpeg,train
457,ckie57pt9004i246ari9ey0dv.txt,txt,train
458,ckie57pt9004i246ari9ey0dv.xml,xml,train
459,ckie59a8k004j246a25syci06.jpeg,jpeg,train
460,ckie59a8k004j246a25syci06.txt,txt,train
461,ckie59a8k004j246a25syci06.xml,xml,train
462,ckie5anc4004k246a97hl3myt.jpeg,jpeg,train
463,ckie5anc4004k246a97hl3myt.txt,txt,train
464,ckie5anc4004k246a97hl3myt.xml,xml,train
465,ckie5cf7c004l246avt1fbdyx.jpeg,jpeg,train
466,ckie5cf7c004l246avt1fbdyx.txt,txt,train
467,ckie5cf7c004l246avt1fbdyx.xml,xml,train
468,ckie5e0an004m246au3hmya6z.jpeg,jpeg,train
469,ckie5e0an004m246au3hmya6z.txt,txt,train
470,ckie5e0an004m246au3hmya6z.xml,xml,train
471,ckie5iepj004p246a3vsgr3xv.jpeg,jpeg,train
472,ckie5iepj004p246a3vsgr3xv.txt,txt,train
473,ckie5iepj004p246a3vsgr3xv.xml,xml,train
474,ckie5jwhl004q246ak18prlij.jpeg,jpeg,train
475,ckie5jwhl004q246ak18prlij.txt,txt,train
476,ckie5jwhl004q246ak18prlij.xml,xml,train
477,ckie5lqpr004r246afbu6clv0.jpeg,jpeg,train
478,ckie5lqpr004r246afbu6clv0.txt,txt,train
479,ckie5lqpr004r246afbu6clv0.xml,xml,train
480,ckie5nkao004s246anipo1hcx.jpeg,jpeg,train
481,ckie5nkao004s246anipo1hcx.txt,txt,train
482,ckie5nkao004s246anipo1hcx.xml,xml,train
483,ckie5p4wo004t246akxbhrydh.jpeg,jpeg,train
484,ckie5p4wo004t246akxbhrydh.txt,txt,train
485,ckie5p4wo004t246akxbhrydh.xml,xml,train
486,ckie5qbf8004u246a5c6xmce7.jpeg,jpeg,train
487,ckie5qbf8004u246a5c6xmce7.txt,txt,train
488,ckie5qbf8004u246a5c6xmce7.xml,xml,train
489,ckie5sk2y004v246aukg6428s.jpeg,jpeg,train
490,ckie5sk2y004v246aukg6428s.txt,txt,train
491,ckie5sk2y004v246aukg6428s.xml,xml,train
492,ckie5tmde004w246a9wyxtcv7.jpeg,jpeg,train
493,ckie5tmde004w246a9wyxtcv7.txt,txt,train
494,ckie5tmde004w246a9wyxtcv7.xml,xml,train
495,ckie5utwu004x246a3u0awyl0.jpeg,jpeg,train
496,ckie5utwu004x246a3u0awyl0.txt,txt,train
497,ckie5utwu004x246a3u0awyl0.xml,xml,train
498,ckie5wmvf004y246ayzjhtixf.jpeg,jpeg,train
499,ckie5wmvf004y246ayzjhtixf.txt,txt,train
500,ckie5wmvf004y246ayzjhtixf.xml,xml,train
501,ckie5y4ut004z246a7m632dsg.jpeg,jpeg,train
502,ckie5y4ut004z246a7m632dsg.txt,txt,train
503,ckie5y4ut004z246a7m632dsg.xml,xml,train
504,ckie5zvy10050246ae41llx0q.jpeg,jpeg,train
505,ckie5zvy10050246ae41llx0q.txt,txt,train
506,ckie5zvy10050246ae41llx0q.xml,xml,train
507,ckie617cz0051246auopbaduu.jpeg,jpeg,train
508,ckie617cz0051246auopbaduu.txt,txt,train
509,ckie617cz0051246auopbaduu.xml,xml,train
510,ckie62q8z0052246arg65fj6o.jpeg,jpeg,train
511,ckie62q8z0052246arg65fj6o.txt,txt,train
512,ckie62q8z0052246arg65fj6o.xml,xml,train
513,ckie63q0v0053246ap5eu6spb.jpeg,jpeg,train
514,ckie63q0v0053246ap5eu6spb.txt,txt,train
515,ckie63q0v0053246ap5eu6spb.xml,xml,train
516,ckie657f50054246au0cmhbgz.jpeg,jpeg,train
517,ckie657f50054246au0cmhbgz.txt,txt,train
518,ckie657f50054246au0cmhbgz.xml,xml,train
519,ckie66fr50055246a5z432tdp.jpeg,jpeg,train
520,ckie66fr50055246a5z432tdp.txt,txt,train
521,ckie66fr50055246a5z432tdp.xml,xml,train
522,ckie682lr0056246a2w2lh44n.jpeg,jpeg,train
523,ckie682lr0056246a2w2lh44n.txt,txt,train
524,ckie682lr0056246a2w2lh44n.xml,xml,train
525,ckie699xa0057246av2srnvmj.jpeg,jpeg,train
526,ckie699xa0057246av2srnvmj.txt,txt,train
527,ckie699xa0057246av2srnvmj.xml,xml,train
528,ckie6al2y0058246at4e13h0n.jpeg,jpeg,train
529,ckie6al2y0058246at4e13h0n.txt,txt,train
530,ckie6al2y0058246at4e13h0n.xml,xml,train
531,ckie6bv4v0059246axgf4mgan.jpeg,jpeg,train
532,ckie6bv4v0059246axgf4mgan.txt,txt,train
533,ckie6bv4v0059246axgf4mgan.xml,xml,train
534,ckie6d4gv005a246a79yit4d2.jpeg,jpeg,train
535,ckie6d4gv005a246a79yit4d2.txt,txt,train
536,ckie6d4gv005a246a79yit4d2.xml,xml,train
537,ckie6e89n005b246a7z574kf2.jpeg,jpeg,train
538,ckie6e89n005b246a7z574kf2.txt,txt,train
539,ckie6e89n005b246a7z574kf2.xml,xml,train
540,ckie6fbag005c246a4fke3uzf.jpeg,jpeg,train
541,ckie6fbag005c246a4fke3uzf.txt,txt,train
542,ckie6fbag005c246a4fke3uzf.xml,xml,train
543,ckie6gk7t005d246avyyknpky.jpeg,jpeg,train
544,ckie6gk7t005d246avyyknpky.txt,txt,train
545,ckie6gk7t005d246avyyknpky.xml,xml,train
546,ckie6ifcb005e246azkkn4qeh.jpeg,jpeg,train
547,ckie6ifcb005e246azkkn4qeh.txt,txt,train
548,ckie6ifcb005e246azkkn4qeh.xml,xml,train
549,ckie6jj9m005f246aq47fl68a.jpeg,jpeg,train
550,ckie6jj9m005f246aq47fl68a.txt,txt,train
551,ckie6jj9m005f246aq47fl68a.xml,xml,train
552,ckie6kmnl005g246auurv0n4x.jpeg,jpeg,train
553,ckie6kmnl005g246auurv0n4x.txt,txt,train
554,ckie6kmnl005g246auurv0n4x.xml,xml,train
555,ckie6lyjg005h246ahra62sc7.jpeg,jpeg,train
556,ckie6lyjg005h246ahra62sc7.txt,txt,train
557,ckie6lyjg005h246ahra62sc7.xml,xml,train
558,ckie6ndv2005i246ahzm6th4l.jpeg,jpeg,train
559,ckie6ndv2005i246ahzm6th4l.txt,txt,train
560,ckie6ndv2005i246ahzm6th4l.xml,xml,train
561,ckie6vd9o005j246awn7s89xy.jpeg,jpeg,train
562,ckie6vd9o005j246awn7s89xy.txt,txt,train
563,ckie6vd9o005j246awn7s89xy.xml,xml,train
564,ckie6wnuz005k246aork7f0te.jpeg,jpeg,train
565,ckie6wnuz005k246aork7f0te.txt,txt,train
566,ckie6wnuz005k246aork7f0te.xml,xml,train
567,ckie6y8oy005l246ar2qkfzma.jpeg,jpeg,train
568,ckie6y8oy005l246ar2qkfzma.txt,txt,train
569,ckie6y8oy005l246ar2qkfzma.xml,xml,train
570,ckie6zqxs005m246are0x3fmb.jpeg,jpeg,train
571,ckie6zqxs005m246are0x3fmb.txt,txt,train
572,ckie6zqxs005m246are0x3fmb.xml,xml,train
573,ckie70m22005n246abm69thgy.jpeg,jpeg,train
574,ckie70m22005n246abm69thgy.txt,txt,train
575,ckie70m22005n246abm69thgy.xml,xml,train
576,ckie722fg005o246ai0kpsx2k.jpeg,jpeg,train
577,ckie722fg005o246ai0kpsx2k.txt,txt,train
578,ckie722fg005o246ai0kpsx2k.xml,xml,train
579,ckie7368i005p246aq9ugkokq.jpeg,jpeg,train
580,ckie7368i005p246aq9ugkokq.txt,txt,train
581,ckie7368i005p246aq9ugkokq.xml,xml,train
582,ckie74ckj005q246arhyx3okr.jpeg,jpeg,train
583,ckie74ckj005q246arhyx3okr.txt,txt,train
584,ckie74ckj005q246arhyx3okr.xml,xml,train
585,ckie75r6y005r246audjz64vi.jpeg,jpeg,train
586,ckie75r6y005r246audjz64vi.txt,txt,train
587,ckie75r6y005r246audjz64vi.xml,xml,train
588,ckie76y86005s246aado5d4mn.jpeg,jpeg,train
589,ckie76y86005s246aado5d4mn.txt,txt,train
590,ckie76y86005s246aado5d4mn.xml,xml,train
591,ckie78b68005t246acr1etb45.jpeg,jpeg,train
592,ckie78b68005t246acr1etb45.txt,txt,train
593,ckie78b68005t246acr1etb45.xml,xml,train
594,ckie7a1a2005u246a73f062ky.jpeg,jpeg,train
595,ckie7a1a2005u246a73f062ky.txt,txt,train
596,ckie7a1a2005u246a73f062ky.xml,xml,train
597,ckie7bp7b005v246akejic127.jpeg,jpeg,train
598,ckie7bp7b005v246akejic127.txt,txt,train
599,ckie7bp7b005v246akejic127.xml,xml,train
600,ckie7cyxe005w246a9rqcl8nc.jpeg,jpeg,train
601,ckie7cyxe005w246a9rqcl8nc.txt,txt,train
602,ckie7cyxe005w246a9rqcl8nc.xml,xml,train
603,ckie7ecje005x246a2dzz0zad.jpeg,jpeg,train
604,ckie7ecje005x246a2dzz0zad.txt,txt,train
605,ckie7ecje005x246a2dzz0zad.xml,xml,train
606,ckie7ffbq005y246a1zpzxdcv.jpeg,jpeg,train
607,ckie7ffbq005y246a1zpzxdcv.txt,txt,train
608,ckie7ffbq005y246a1zpzxdcv.xml,xml,train
609,ckie7gksk005z246akdmzu66p.jpeg,jpeg,train
610,ckie7gksk005z246akdmzu66p.txt,txt,train
611,ckie7gksk005z246akdmzu66p.xml,xml,train
612,ckie7j3gx0061246avlw6vdol.jpeg,jpeg,train
613,ckie7j3gx0061246avlw6vdol.txt,txt,train
614,ckie7j3gx0061246avlw6vdol.xml,xml,train
615,ckie7k4v60062246ak7h03rqp.jpeg,jpeg,train
616,ckie7k4v60062246ak7h03rqp.txt,txt,train
617,ckie7k4v60062246ak7h03rqp.xml,xml,train
618,ckie7lbdq0063246a5oe40sof.jpeg,jpeg,train
619,ckie7lbdq0063246a5oe40sof.txt,txt,train
620,ckie7lbdq0063246a5oe40sof.xml,xml,train
621,ckie7ml930064246a2et9829p.jpeg,jpeg,train
622,ckie7ml930064246a2et9829p.txt,txt,train
623,ckie7ml930064246a2et9829p.xml,xml,train
624,ckie7ny3c0065246aec83z0ct.jpeg,jpeg,train
625,ckie7ny3c0065246aec83z0ct.txt,txt,train
626,ckie7ny3c0065246aec83z0ct.xml,xml,train
627,ckie7pj5t0066246adcswvogc.jpeg,jpeg,train
628,ckie7pj5t0066246adcswvogc.txt,txt,train
629,ckie7pj5t0066246adcswvogc.xml,xml,train
630,ckie7qzge0067246abhmbup2v.jpeg,jpeg,train
631,ckie7qzge0067246abhmbup2v.txt,txt,train
632,ckie7qzge0067246abhmbup2v.xml,xml,train
633,ckie7s3cc0068246a3yq3r357.jpeg,jpeg,train
634,ckie7s3cc0068246a3yq3r357.txt,txt,train
635,ckie7s3cc0068246a3yq3r357.xml,xml,train
636,ckie7tiyq0069246awtc36x4q.jpeg,jpeg,train
637,ckie7tiyq0069246awtc36x4q.txt,txt,train
638,ckie7tiyq0069246awtc36x4q.xml,xml,train
639,ckie7urwi006a246avxlmwjts.jpeg,jpeg,train
640,ckie7urwi006a246avxlmwjts.txt,txt,train
641,ckie7urwi006a246avxlmwjts.xml,xml,train
642,ckie7w25o006b246aoh4rupar.jpeg,jpeg,train
643,ckie7w25o006b246aoh4rupar.txt,txt,train
644,ckie7w25o006b246aoh4rupar.xml,xml,train
645,ckie7xvuh006c246akjrbsbgj.jpeg,jpeg,train
646,ckie7xvuh006c246akjrbsbgj.txt,txt,train
647,ckie7xvuh006c246akjrbsbgj.xml,xml,train
648,ckie7z8cf006d246ayq8yz5a0.jpeg,jpeg,train
649,ckie7z8cf006d246ayq8yz5a0.txt,txt,train
650,ckie7z8cf006d246ayq8yz5a0.xml,xml,train
651,ckie80g8i006e246axr874qph.jpeg,jpeg,train
652,ckie80g8i006e246axr874qph.txt,txt,train
653,ckie80g8i006e246axr874qph.xml,xml,train
654,ckie83i6a006f246a78w5xw0x.jpeg,jpeg,train
655,ckie83i6a006f246a78w5xw0x.txt,txt,train
656,ckie83i6a006f246a78w5xw0x.xml,xml,train
657,ckie8523c006g246akgf04gdw.jpeg,jpeg,train
658,ckie8523c006g246akgf04gdw.txt,txt,train
659,ckie8523c006g246akgf04gdw.xml,xml,train
660,ckie8701a006h246az0grn1vw.jpeg,jpeg,train
661,ckie8701a006h246az0grn1vw.txt,txt,train
662,ckie8701a006h246az0grn1vw.xml,xml,train
663,ckie88lrb006i246a0iycvw7m.jpeg,jpeg,train
664,ckie88lrb006i246a0iycvw7m.txt,txt,train
665,ckie88lrb006i246a0iycvw7m.xml,xml,train
666,ckie8bzqw006j246a867csyyq.jpeg,jpeg,train
667,ckie8bzqw006j246a867csyyq.txt,txt,train
668,ckie8bzqw006j246a867csyyq.xml,xml,train
669,ckie8dri1006k246ad5klxch2.jpeg,jpeg,train
670,ckie8dri1006k246ad5klxch2.txt,txt,train
671,ckie8dri1006k246ad5klxch2.xml,xml,train
672,ckie8fhjw006l246an728i8q5.jpeg,jpeg,train
673,ckie8fhjw006l246an728i8q5.txt,txt,train
674,ckie8fhjw006l246an728i8q5.xml,xml,train
675,ckie8hclg006n246asnp3huy8.jpeg,jpeg,train
676,ckie8hclg006n246asnp3huy8.txt,txt,train
677,ckie8hclg006n246asnp3huy8.xml,xml,train
678,ckie8ijko006o246a4rfgo9a6.jpeg,jpeg,train
679,ckie8ijko006o246a4rfgo9a6.txt,txt,train
680,ckie8ijko006o246a4rfgo9a6.xml,xml,train
681,ckie8jygm006p246aropfkrio.jpeg,jpeg,train
682,ckie8jygm006p246aropfkrio.txt,txt,train
683,ckie8jygm006p246aropfkrio.xml,xml,train
684,ckie8opfv006r246arluqy19x.jpeg,jpeg,train
685,ckie8opfv006r246arluqy19x.txt,txt,train
686,ckie8opfv006r246arluqy19x.xml,xml,train
687,ckie8rxu1006t246aw13th8hy.jpeg,jpeg,train
688,ckie8rxu1006t246aw13th8hy.txt,txt,train
689,ckie8rxu1006t246aw13th8hy.xml,xml,train
690,ckie8tqd6006u246ad5khd9m0.jpeg,jpeg,train
691,ckie8tqd6006u246ad5khd9m0.txt,txt,train
692,ckie8tqd6006u246ad5khd9m0.xml,xml,train
693,ckie8vc1u006v246a5gqu50ji.jpeg,jpeg,train
694,ckie8vc1u006v246a5gqu50ji.txt,txt,train
695,ckie8vc1u006v246a5gqu50ji.xml,xml,train
696,ckie8wsnh006w246a4ka1o5ib.jpeg,jpeg,train
697,ckie8wsnh006w246a4ka1o5ib.txt,txt,train
698,ckie8wsnh006w246a4ka1o5ib.xml,xml,train
699,ckie907vv006y246aol5zd0he.jpeg,jpeg,train
700,ckie907vv006y246aol5zd0he.txt,txt,train
701,ckie907vv006y246aol5zd0he.xml,xml,train
702,ckie91v9k006z246a3u51ygd9.jpeg,jpeg,train
703,ckie91v9k006z246a3u51ygd9.txt,txt,train
704,ckie91v9k006z246a3u51ygd9.xml,xml,train
705,ckie93chi0070246adyywy8sh.jpeg,jpeg,train
706,ckie93chi0070246adyywy8sh.txt,txt,train
707,ckie93chi0070246adyywy8sh.xml,xml,train
708,ckie953aj0071246a402u48ju.jpeg,jpeg,train
709,ckie953aj0071246a402u48ju.txt,txt,train
710,ckie953aj0071246a402u48ju.xml,xml,train
711,ckie97j4j0072246aktrk3p90.jpeg,jpeg,train
712,ckie97j4j0072246aktrk3p90.txt,txt,train
713,ckie97j4j0072246aktrk3p90.xml,xml,train
714,ckie98uxy0073246acjospqho.jpeg,jpeg,train
715,ckie98uxy0073246acjospqho.txt,txt,train
716,ckie98uxy0073246acjospqho.xml,xml,train
717,ckie9bn5v0075246an1yvofgp.jpeg,jpeg,train
718,ckie9bn5v0075246an1yvofgp.txt,txt,train
719,ckie9bn5v0075246an1yvofgp.xml,xml,train
720,ckie9dfxq0076246arsmr3qby.jpeg,jpeg,train
721,ckie9dfxq0076246arsmr3qby.txt,txt,train
722,ckie9dfxq0076246arsmr3qby.xml,xml,train
723,ckie9f7600077246af03a21zm.jpeg,jpeg,train
724,ckie9f7600077246af03a21zm.txt,txt,train
725,ckie9f7600077246af03a21zm.xml,xml,train
726,ckie9h3v90078246aewo9cszp.jpeg,jpeg,train
727,ckie9h3v90078246aewo9cszp.txt,txt,train
728,ckie9h3v90078246aewo9cszp.xml,xml,train
729,ckie9le91007a246aea9qjxi6.jpeg,jpeg,train
730,ckie9le91007a246aea9qjxi6.txt,txt,train
731,ckie9le91007a246aea9qjxi6.xml,xml,train
732,ckie9mo7d007b246a15vzrkfq.jpeg,jpeg,train
733,ckie9mo7d007b246a15vzrkfq.txt,txt,train
734,ckie9mo7d007b246a15vzrkfq.xml,xml,train
735,ckie9oj7d007d246ay8hqme94.jpeg,jpeg,train
736,ckie9oj7d007d246ay8hqme94.txt,txt,train
737,ckie9oj7d007d246ay8hqme94.xml,xml,train
738,ckie9qk43007e246alurws1n7.jpeg,jpeg,train
739,ckie9qk43007e246alurws1n7.txt,txt,train
740,ckie9qk43007e246alurws1n7.xml,xml,train
741,ckie9udz1007g246axoibbu7n.jpeg,jpeg,train
742,ckie9udz1007g246axoibbu7n.txt,txt,train
743,ckie9udz1007g246axoibbu7n.xml,xml,train
744,ckie9y0ic007h246awz336krv.jpeg,jpeg,train
745,ckie9y0ic007h246awz336krv.txt,txt,train
746,ckie9y0ic007h246awz336krv.xml,xml,train
747,ckie9zzv2007i246at7evi5h5.jpeg,jpeg,train
748,ckie9zzv2007i246at7evi5h5.txt,txt,train
749,ckie9zzv2007i246at7evi5h5.xml,xml,train
750,ckiea1gye007j246ax6j7sx3m.jpeg,jpeg,train
751,ckiea1gye007j246ax6j7sx3m.txt,txt,train
752,ckiea1gye007j246ax6j7sx3m.xml,xml,train
753,ckiea2oi4007k246aioc0rrt4.jpeg,jpeg,train
754,ckiea2oi4007k246aioc0rrt4.txt,txt,train
755,ckiea2oi4007k246aioc0rrt4.xml,xml,train
756,ckiea5qwu007m246a7cxlw59k.jpeg,jpeg,train
757,ckiea5qwu007m246a7cxlw59k.txt,txt,train
758,ckiea5qwu007m246a7cxlw59k.xml,xml,train
759,ckiea9dlm007o246arkrzbfmx.jpeg,jpeg,train
760,ckiea9dlm007o246arkrzbfmx.txt,txt,train
761,ckiea9dlm007o246arkrzbfmx.xml,xml,train
762,ckieaaxz8007p246a4tbqvsbw.jpeg,jpeg,train
763,ckieaaxz8007p246a4tbqvsbw.txt,txt,train
764,ckieaaxz8007p246a4tbqvsbw.xml,xml,train
765,ckifivbbf007r246ap8iqkizz.jpeg,jpeg,train
766,ckifivbbf007r246ap8iqkizz.txt,txt,train
767,ckifivbbf007r246ap8iqkizz.xml,xml,train
768,ckifixpdl007s246a9i1ixzk6.jpeg,jpeg,train
769,ckifixpdl007s246a9i1ixzk6.txt,txt,train
770,ckifixpdl007s246a9i1ixzk6.xml,xml,train
771,ckifizo3d007t246am9dj3f5k.jpeg,jpeg,train
772,ckifizo3d007t246am9dj3f5k.txt,txt,train
773,ckifizo3d007t246am9dj3f5k.xml,xml,train
774,ckifj1vkt007u246alcgfui52.jpeg,jpeg,train
775,ckifj1vkt007u246alcgfui52.txt,txt,train
776,ckifj1vkt007u246alcgfui52.xml,xml,train
777,ckifj39i6007v246aak0n1pcl.jpeg,jpeg,train
778,ckifj39i6007v246aak0n1pcl.txt,txt,train
779,ckifj39i6007v246aak0n1pcl.xml,xml,train
780,ckifj4px2007w246aosgaphee.jpeg,jpeg,train
781,ckifj4px2007w246aosgaphee.txt,txt,train
782,ckifj4px2007w246aosgaphee.xml,xml,train
783,ckifj7r3k007y246anf5dczuy.jpeg,jpeg,train
784,ckifj7r3k007y246anf5dczuy.txt,txt,train
785,ckifj7r3k007y246anf5dczuy.xml,xml,train
786,ckifjc4qn0082246akiwk2wnu.jpeg,jpeg,train
787,ckifjc4qn0082246akiwk2wnu.txt,txt,train
788,ckifjc4qn0082246akiwk2wnu.xml,xml,train
789,ckifje0z10083246ag5ybcmk7.jpeg,jpeg,train
790,ckifje0z10083246ag5ybcmk7.txt,txt,train
791,ckifje0z10083246ag5ybcmk7.xml,xml,train
792,ckifjgdg90086246apo0dno2x.jpeg,jpeg,train
793,ckifjgdg90086246apo0dno2x.txt,txt,train
794,ckifjgdg90086246apo0dno2x.xml,xml,train
795,ckifjhfu40087246ad8vtmevv.jpeg,jpeg,train
796,ckifjhfu40087246ad8vtmevv.txt,txt,train
797,ckifjhfu40087246ad8vtmevv.xml,xml,train
798,ckifjjcrk0089246a0ilts4fq.jpeg,jpeg,train
799,ckifjjcrk0089246a0ilts4fq.txt,txt,train
800,ckifjjcrk0089246a0ilts4fq.xml,xml,train
801,ckifjkzph008a246akpksuwqy.jpeg,jpeg,train
802,ckifjkzph008a246akpksuwqy.txt,txt,train
803,ckifjkzph008a246akpksuwqy.xml,xml,train
804,ckifjneqw008b246arwy45fjv.jpeg,jpeg,train
805,ckifjneqw008b246arwy45fjv.txt,txt,train
806,ckifjneqw008b246arwy45fjv.xml,xml,train
807,ckifjoq2h008c246ayha20ym4.jpeg,jpeg,train
808,ckifjoq2h008c246ayha20ym4.txt,txt,train
809,ckifjoq2h008c246ayha20ym4.xml,xml,train
810,ckifjruh0008e246a6zocho5x.jpeg,jpeg,train
811,ckifjruh0008e246a6zocho5x.txt,txt,train
812,ckifjruh0008e246a6zocho5x.xml,xml,train
813,ckifjtluf008f246a34lj58mv.jpeg,jpeg,train
814,ckifjtluf008f246a34lj58mv.txt,txt,train
815,ckifjtluf008f246a34lj58mv.xml,xml,train
816,ckifjvspv008h246ag4bnaro7.jpeg,jpeg,train
817,ckifjvspv008h246ag4bnaro7.txt,txt,train
818,ckifjvspv008h246ag4bnaro7.xml,xml,train
819,ckifjwt8j008i246anvknmto5.jpeg,jpeg,train
820,ckifjwt8j008i246anvknmto5.txt,txt,train
821,ckifjwt8j008i246anvknmto5.xml,xml,train
822,ckifjz380008j246ad20s3lj3.jpeg,jpeg,train
823,ckifjz380008j246ad20s3lj3.txt,txt,train
824,ckifjz380008j246ad20s3lj3.xml,xml,train
825,ckifk0r9c008k246adh7izqsv.jpeg,jpeg,train
826,ckifk0r9c008k246adh7izqsv.txt,txt,train
827,ckifk0r9c008k246adh7izqsv.xml,xml,train
828,ckifk2ej9008l246a6pjzlhh1.jpeg,jpeg,train
829,ckifk2ej9008l246a6pjzlhh1.txt,txt,train
830,ckifk2ej9008l246a6pjzlhh1.xml,xml,train
831,ckifk3ke7008m246a5skqtojy.jpeg,jpeg,train
832,ckifk3ke7008m246a5skqtojy.txt,txt,train
833,ckifk3ke7008m246a5skqtojy.xml,xml,train
834,ckifk50yk008n246a7ntg0hb3.jpeg,jpeg,train
835,ckifk50yk008n246a7ntg0hb3.txt,txt,train
836,ckifk50yk008n246a7ntg0hb3.xml,xml,train
837,ckifk6sil008p246a7npee99l.jpeg,jpeg,train
838,ckifk6sil008p246a7npee99l.txt,txt,train
839,ckifk6sil008p246a7npee99l.xml,xml,train
840,ckifk8rfz008q246a01s8ohu8.jpeg,jpeg,train
841,ckifk8rfz008q246a01s8ohu8.txt,txt,train
842,ckifk8rfz008q246a01s8ohu8.xml,xml,train
843,ckifkaw4q008s246alvvfpfyr.jpeg,jpeg,train
844,ckifkaw4q008s246alvvfpfyr.txt,txt,train
845,ckifkaw4q008s246alvvfpfyr.xml,xml,train
846,ckifkcb1t008t246afahhdcgf.jpeg,jpeg,train
847,ckifkcb1t008t246afahhdcgf.txt,txt,train
848,ckifkcb1t008t246afahhdcgf.xml,xml,train
849,ckifkdcpu008u246abrkusq9v.jpeg,jpeg,train
850,ckifkdcpu008u246abrkusq9v.txt,txt,train
851,ckifkdcpu008u246abrkusq9v.xml,xml,train
852,ckifkf1s3008v246aep91ayw6.jpeg,jpeg,train
853,ckifkf1s3008v246aep91ayw6.txt,txt,train
854,ckifkf1s3008v246aep91ayw6.xml,xml,train
855,ckifkh0p6008w246aqzi6hdnx.jpeg,jpeg,train
856,ckifkh0p6008w246aqzi6hdnx.txt,txt,train
857,ckifkh0p6008w246aqzi6hdnx.xml,xml,train
858,ckifkih05008x246as7103oi9.jpeg,jpeg,train
859,ckifkih05008x246as7103oi9.txt,txt,train
860,ckifkih05008x246as7103oi9.xml,xml,train
861,ckifkjs2b008y246amzqp1inl.jpeg,jpeg,train
862,ckifkjs2b008y246amzqp1inl.txt,txt,train
863,ckifkjs2b008y246amzqp1inl.xml,xml,train
864,ckifkl2y7008z246a7tptseu1.jpeg,jpeg,train
865,ckifkl2y7008z246a7tptseu1.txt,txt,train
866,ckifkl2y7008z246a7tptseu1.xml,xml,train
867,ckifkmstp0091246a8dh7nde9.jpeg,jpeg,train
868,ckifkmstp0091246a8dh7nde9.txt,txt,train
869,ckifkmstp0091246a8dh7nde9.xml,xml,train
870,ckifkoc1y0092246amgflfxdm.jpeg,jpeg,train
871,ckifkoc1y0092246amgflfxdm.txt,txt,train
872,ckifkoc1y0092246amgflfxdm.xml,xml,train
873,ckifkprvh0093246a9hoto9rg.jpeg,jpeg,train
874,ckifkprvh0093246a9hoto9rg.txt,txt,train
875,ckifkprvh0093246a9hoto9rg.xml,xml,train
876,ckifkr4ok0094246alfrb18va.jpeg,jpeg,train
877,ckifkr4ok0094246alfrb18va.txt,txt,train
878,ckifkr4ok0094246alfrb18va.xml,xml,train
879,ckifksmet0096246axqyz8ro9.jpeg,jpeg,train
880,ckifksmet0096246axqyz8ro9.txt,txt,train
881,ckifksmet0096246axqyz8ro9.xml,xml,train
882,ckifkuky90098246adorxvrx5.jpeg,jpeg,train
883,ckifkuky90098246adorxvrx5.txt,txt,train
884,ckifkuky90098246adorxvrx5.xml,xml,train
885,ckifl8pnc009a246amjopk2mx.jpeg,jpeg,train
886,ckifl8pnc009a246amjopk2mx.txt,txt,train
887,ckifl8pnc009a246amjopk2mx.xml,xml,train
888,ckiflayt7009d246aajkdq0oq.jpeg,jpeg,train
889,ckiflayt7009d246aajkdq0oq.txt,txt,train
890,ckiflayt7009d246aajkdq0oq.xml,xml,train
891,ckiflc6ct009e246aqrxfkls8.jpeg,jpeg,train
892,ckiflc6ct009e246aqrxfkls8.txt,txt,train
893,ckiflc6ct009e246aqrxfkls8.xml,xml,train
894,ckifleepa009f246a792lv9v2.jpeg,jpeg,train
895,ckifleepa009f246a792lv9v2.txt,txt,train
896,ckifleepa009f246a792lv9v2.xml,xml,train
897,ckiflk39s009h246ayiq0t2tz.jpeg,jpeg,train
898,ckiflk39s009h246ayiq0t2tz.txt,txt,train
899,ckiflk39s009h246ayiq0t2tz.xml,xml,train
900,ckiflmt0w009j246awf9hv9d1.jpeg,jpeg,train
901,ckiflmt0w009j246awf9hv9d1.txt,txt,train
902,ckiflmt0w009j246awf9hv9d1.xml,xml,train
903,ckiflojgk009l246a0itpeepk.jpeg,jpeg,train
904,ckiflojgk009l246a0itpeepk.txt,txt,train
905,ckiflojgk009l246a0itpeepk.xml,xml,train
906,ckiflpz5g009m246aeicw8wo8.jpeg,jpeg,train
907,ckiflpz5g009m246aeicw8wo8.txt,txt,train
908,ckiflpz5g009m246aeicw8wo8.xml,xml,train
909,ckiflrp2h009n246ab3dnxg9q.jpeg,jpeg,train
910,ckiflrp2h009n246ab3dnxg9q.txt,txt,train
911,ckiflrp2h009n246ab3dnxg9q.xml,xml,train
912,ckifltrwe009o246ax3f4lhcv.jpeg,jpeg,train
913,ckifltrwe009o246ax3f4lhcv.txt,txt,train
914,ckifltrwe009o246ax3f4lhcv.xml,xml,train
915,ckifluym1009p246as32dxgyt.jpeg,jpeg,train
916,ckifluym1009p246as32dxgyt.txt,txt,train
917,ckifluym1009p246as32dxgyt.xml,xml,train
918,ckiflwh74009q246aj1lg7fw8.jpeg,jpeg,train
919,ckiflwh74009q246aj1lg7fw8.txt,txt,train
920,ckiflwh74009q246aj1lg7fw8.xml,xml,train
921,ckiflxr5g009r246ape0bfhqd.jpeg,jpeg,train
922,ckiflxr5g009r246ape0bfhqd.txt,txt,train
923,ckiflxr5g009r246ape0bfhqd.xml,xml,train
924,ckifm0186009s246a6amo5dnx.jpeg,jpeg,train
925,ckifm0186009s246a6amo5dnx.txt,txt,train
926,ckifm0186009s246a6amo5dnx.xml,xml,train
927,ckifm2pr9009u246a9d113o4t.jpeg,jpeg,train
928,ckifm2pr9009u246a9d113o4t.txt,txt,train
929,ckifm2pr9009u246a9d113o4t.xml,xml,train
930,ckifm5kg7009w246ausiz9e5i.jpeg,jpeg,train
931,ckifm5kg7009w246ausiz9e5i.txt,txt,train
932,ckifm5kg7009w246ausiz9e5i.xml,xml,train
933,ckifm7q8e009x246avxzyhvy6.jpeg,jpeg,train
934,ckifm7q8e009x246avxzyhvy6.txt,txt,train
935,ckifm7q8e009x246avxzyhvy6.xml,xml,train
936,ckifm94vz009y246agi98tifj.jpeg,jpeg,train
937,ckifm94vz009y246agi98tifj.txt,txt,train
938,ckifm94vz009y246agi98tifj.xml,xml,train
939,ckifmaaoj009z246ayn0raa8c.jpeg,jpeg,train
940,ckifmaaoj009z246ayn0raa8c.txt,txt,train
941,ckifmaaoj009z246ayn0raa8c.xml,xml,train
942,ckifmbiyn00a0246aovb5gsnk.jpeg,jpeg,train
943,ckifmbiyn00a0246aovb5gsnk.txt,txt,train
944,ckifmbiyn00a0246aovb5gsnk.xml,xml,train
945,ckifmfy5700a2246a7u5lh6h4.jpeg,jpeg,train
946,ckifmfy5700a2246a7u5lh6h4.txt,txt,train
947,ckifmfy5700a2246a7u5lh6h4.xml,xml,train
948,ckifmhgzy00a3246av1djunb9.jpeg,jpeg,train
949,ckifmhgzy00a3246av1djunb9.txt,txt,train
950,ckifmhgzy00a3246av1djunb9.xml,xml,train
951,ckifmm6sf00a4246a858n7dhs.jpeg,jpeg,train
952,ckifmm6sf00a4246a858n7dhs.txt,txt,train
953,ckifmm6sf00a4246a858n7dhs.xml,xml,train
954,ckifmv85k00a5246aoyuhgpil.jpeg,jpeg,train
955,ckifmv85k00a5246aoyuhgpil.txt,txt,train
956,ckifmv85k00a5246aoyuhgpil.xml,xml,train
957,ckifmx69n00a7246assypv8my.jpeg,jpeg,train
958,ckifmx69n00a7246assypv8my.txt,txt,train
959,ckifmx69n00a7246assypv8my.xml,xml,train
960,ckifn512q00a8246aaoq5f6ll.jpeg,jpeg,train
961,ckifn512q00a8246aaoq5f6ll.txt,txt,train
962,ckifn512q00a8246aaoq5f6ll.xml,xml,train
963,ckifndgvd00a9246aa06cpuvg.jpeg,jpeg,train
964,ckifndgvd00a9246aa06cpuvg.txt,txt,train
965,ckifndgvd00a9246aa06cpuvg.xml,xml,train
966,ckifo9aqm00ab246a6vq4epx2.jpeg,jpeg,train
967,ckifo9aqm00ab246a6vq4epx2.txt,txt,train
968,ckifo9aqm00ab246a6vq4epx2.xml,xml,train
969,ckifod4rs00ad246acbpf4v8j.jpeg,jpeg,train
970,ckifod4rs00ad246acbpf4v8j.txt,txt,train
971,ckifod4rs00ad246acbpf4v8j.xml,xml,train
972,ckifohblj00ag246ac8bq56af.jpeg,jpeg,train
973,ckifohblj00ag246ac8bq56af.txt,txt,train
974,ckifohblj00ag246ac8bq56af.xml,xml,train
975,ckifoipma00ah246a5klmuhp8.jpeg,jpeg,train
976,ckifoipma00ah246a5klmuhp8.txt,txt,train
977,ckifoipma00ah246a5klmuhp8.xml,xml,train
978,ckifolf9z00aj246api63kslf.jpeg,jpeg,train
979,ckifolf9z00aj246api63kslf.txt,txt,train
980,ckifolf9z00aj246api63kslf.xml,xml,train
981,ckj2qm9f50001246ahw7iwxag.png,png,train
982,ckj2qm9f50001246ahw7iwxag.txt,txt,train
983,ckj2qm9f50001246ahw7iwxag.xml,xml,train
984,ckj2qpuxo0003246araqh8eue.png,png,train
985,ckj2qpuxo0003246araqh8eue.txt,txt,train
986,ckj2qpuxo0003246araqh8eue.xml,xml,train
987,ckj2qr3rk0004246a7jdudo8p.png,png,train
988,ckj2qr3rk0004246a7jdudo8p.txt,txt,train
989,ckj2qr3rk0004246a7jdudo8p.xml,xml,train
990,ckj2qsf3k0005246a1uy4btd7.png,png,train
991,ckj2qsf3k0005246a1uy4btd7.txt,txt,train
992,ckj2qsf3k0005246a1uy4btd7.xml,xml,train
993,ckj2quqiu0006246a9vt9zjcq.png,png,train
994,ckj2quqiu0006246a9vt9zjcq.txt,txt,train
995,ckj2quqiu0006246a9vt9zjcq.xml,xml,train
996,ckj2qw36o0007246a3h90snn3.png,png,train
997,ckj2qw36o0007246a3h90snn3.txt,txt,train
998,ckj2qw36o0007246a3h90snn3.xml,xml,train
999,ckj2qxj9m0008246ala1hp7zr.png,png,train
1000,ckj2qxj9m0008246ala1hp7zr.txt,txt,train
1001,ckj2qxj9m0008246ala1hp7zr.xml,xml,train
1002,ckj2qywbi0009246acltv726v.png,png,train
1003,ckj2qywbi0009246acltv726v.txt,txt,train
1004,ckj2qywbi0009246acltv726v.xml,xml,train
1005,ckj2r0wai000a246aus05bybz.png,png,train
1006,ckj2r0wai000a246aus05bybz.txt,txt,train
1007,ckj2r0wai000a246aus05bybz.xml,xml,train
1008,ckj2r24qv000b246adi3k9mc1.png,png,train
1009,ckj2r24qv000b246adi3k9mc1.txt,txt,train
1010,ckj2r24qv000b246adi3k9mc1.xml,xml,train
1011,ckj2r3sjx000c246avddwhsri.png,png,train
1012,ckj2r3sjx000c246avddwhsri.txt,txt,train
1013,ckj2r3sjx000c246avddwhsri.xml,xml,train
1014,ckj2r555p000d246ao6mwjwnh.png,png,train
1015,ckj2r555p000d246ao6mwjwnh.txt,txt,train
1016,ckj2r555p000d246ao6mwjwnh.xml,xml,train
1017,ckj2r6hw7000e246awfafm1qx.png,png,train
1018,ckj2r6hw7000e246awfafm1qx.txt,txt,train
1019,ckj2r6hw7000e246awfafm1qx.xml,xml,train
1020,ckj2r7p5x000f246a2e8w64z3.png,png,train
1021,ckj2r7p5x000f246a2e8w64z3.txt,txt,train
1022,ckj2r7p5x000f246a2e8w64z3.xml,xml,train
1023,ckj2r955c000g246anrw2mzvl.png,png,train
1024,ckj2r955c000g246anrw2mzvl.txt,txt,train
1025,ckj2r955c000g246anrw2mzvl.xml,xml,train
1026,ckj2racn0000h246avzbjzvn4.png,png,train
1027,ckj2racn0000h246avzbjzvn4.txt,txt,train
1028,ckj2racn0000h246avzbjzvn4.xml,xml,train
1029,ckj2rd98h000j246aq0w2gjys.png,png,train
1030,ckj2rd98h000j246aq0w2gjys.txt,txt,train
1031,ckj2rd98h000j246aq0w2gjys.xml,xml,train
1032,ckj2re9yz000k246aba1ghmjh.png,png,train
1033,ckj2re9yz000k246aba1ghmjh.txt,txt,train
1034,ckj2re9yz000k246aba1ghmjh.xml,xml,train
1035,ckj2rhejf000m246azba1owt8.png,png,train
1036,ckj2rhejf000m246azba1owt8.txt,txt,train
1037,ckj2rhejf000m246azba1owt8.xml,xml,train
1038,ckj2riwk0000n246afkusm6ot.png,png,train
1039,ckj2riwk0000n246afkusm6ot.txt,txt,train
1040,ckj2riwk0000n246afkusm6ot.xml,xml,train
1041,ckj2rjz8d000o246ahww7ixw0.png,png,train
1042,ckj2rjz8d000o246ahww7ixw0.txt,txt,train
1043,ckj2rjz8d000o246ahww7ixw0.xml,xml,train
1044,ckj2rkznm000p246afma08wg4.png,png,train
1045,ckj2rkznm000p246afma08wg4.txt,txt,train
1046,ckj2rkznm000p246afma08wg4.xml,xml,train
1047,ckj2rmijz000q246afu1m860q.png,png,train
1048,ckj2rmijz000q246afu1m860q.txt,txt,train
1049,ckj2rmijz000q246afu1m860q.xml,xml,train
1050,ckj2rnu4i000r246az9i86wmk.png,png,train
1051,ckj2rnu4i000r246az9i86wmk.txt,txt,train
1052,ckj2rnu4i000r246az9i86wmk.xml,xml,train
1053,ckj2rp2a5000s246aim7iyhd7.png,png,train
1054,ckj2rp2a5000s246aim7iyhd7.txt,txt,train
1055,ckj2rp2a5000s246aim7iyhd7.xml,xml,train
1056,ckj2rr2tg000t246atbzvlh1d.png,png,train
1057,ckj2rr2tg000t246atbzvlh1d.txt,txt,train
1058,ckj2rr2tg000t246atbzvlh1d.xml,xml,train
1059,ckj2rs8xo000u246a8lh22eg3.png,png,train
1060,ckj2rs8xo000u246a8lh22eg3.txt,txt,train
1061,ckj2rs8xo000u246a8lh22eg3.xml,xml,train
1062,ckj2rtcon000v246az0rya2ot.png,png,train
1063,ckj2rtcon000v246az0rya2ot.txt,txt,train
1064,ckj2rtcon000v246az0rya2ot.xml,xml,train
1065,ckj2rvoc4000w246a7vfrqt8u.png,png,train
1066,ckj2rvoc4000w246a7vfrqt8u.txt,txt,train
1067,ckj2rvoc4000w246a7vfrqt8u.xml,xml,train
1068,ckj2ry9e3000y246apax6pike.png,png,train
1069,ckj2ry9e3000y246apax6pike.txt,txt,train
1070,ckj2ry9e3000y246apax6pike.xml,xml,train
1071,ckj2rzh03000z246a54lcpu1m.png,png,train
1072,ckj2rzh03000z246a54lcpu1m.txt,txt,train
1073,ckj2rzh03000z246a54lcpu1m.xml,xml,train
1074,ckj2s0m6e0010246aviug2749.png,png,train
1075,ckj2s0m6e0010246aviug2749.txt,txt,train
1076,ckj2s0m6e0010246aviug2749.xml,xml,train
1077,ckj2s1ryr0011246abm9578es.png,png,train
1078,ckj2s1ryr0011246abm9578es.txt,txt,train
1079,ckj2s1ryr0011246abm9578es.xml,xml,train
1080,ckj2s5q7n0012246a94l0hvik.png,png,train
1081,ckj2s5q7n0012246a94l0hvik.txt,txt,train
1082,ckj2s5q7n0012246a94l0hvik.xml,xml,train
1083,ckj2s6ux80013246af33dd5pi.png,png,train
1084,ckj2s6ux80013246af33dd5pi.txt,txt,train
1085,ckj2s6ux80013246af33dd5pi.xml,xml,train
1086,ckj6o9ed60014246a6tugjwlg.png,png,train
1087,ckj6o9ed60014246a6tugjwlg.txt,txt,train
1088,ckj6o9ed60014246a6tugjwlg.xml,xml,train
1089,ckj6obve20016246aun8w2v9w.png,png,train
1090,ckj6obve20016246aun8w2v9w.txt,txt,train
1091,ckj6obve20016246aun8w2v9w.xml,xml,train
1092,ckj6odd9d0017246adhu1jgq1.png,png,train
1093,ckj6odd9d0017246adhu1jgq1.txt,txt,train
1094,ckj6odd9d0017246adhu1jgq1.xml,xml,train
1095,ckj6oexqr0018246a9621utcf.png,png,train
1096,ckj6oexqr0018246a9621utcf.txt,txt,train
1097,ckj6oexqr0018246a9621utcf.xml,xml,train
1098,ckj6og2gv0019246a3lbulkpe.png,png,train
1099,ckj6og2gv0019246a3lbulkpe.txt,txt,train
1100,ckj6og2gv0019246a3lbulkpe.xml,xml,train
1101,ckj6ohg67001a246aghr8jn5f.png,png,train
1102,ckj6ohg67001a246aghr8jn5f.txt,txt,train
1103,ckj6ohg67001a246aghr8jn5f.xml,xml,train
1104,ckj6oio3a001b246aq7mcduf7.png,png,train
1105,ckj6oio3a001b246aq7mcduf7.txt,txt,train
1106,ckj6oio3a001b246aq7mcduf7.xml,xml,train
1107,ckj6owrok001c246axlu0r25h.png,png,train
1108,ckj6owrok001c246axlu0r25h.txt,txt,train
1109,ckj6owrok001c246axlu0r25h.xml,xml,train
1110,ckj6oy5ry001d246a6nvzttor.png,png,train
1111,ckj6oy5ry001d246a6nvzttor.txt,txt,train
1112,ckj6oy5ry001d246a6nvzttor.xml,xml,train
1113,ckj6p5fsj001e246asza817mz.png,png,train
1114,ckj6p5fsj001e246asza817mz.txt,txt,train
1115,ckj6p5fsj001e246asza817mz.xml,xml,train
1116,ckj6p6no2001f246a324qvnst.png,png,train
1117,ckj6p6no2001f246a324qvnst.txt,txt,train
1118,ckj6p6no2001f246a324qvnst.xml,xml,train
1119,ckj6pqyfa001h246a38osr67q.png,png,train
1120,ckj6pqyfa001h246a38osr67q.txt,txt,train
1121,ckj6pqyfa001h246a38osr67q.xml,xml,train
1122,ckj6pse5q001i246akdwtnfbs.png,png,train
1123,ckj6pse5q001i246akdwtnfbs.txt,txt,train
1124,ckj6pse5q001i246akdwtnfbs.xml,xml,train
1125,ckj6pufjw001j246agiu5ajdr.png,png,train
1126,ckj6pufjw001j246agiu5ajdr.txt,txt,train
1127,ckj6pufjw001j246agiu5ajdr.xml,xml,train
1128,ckj6ru2jm001l246a48ozfr0q.png,png,train
1129,ckj6ru2jm001l246a48ozfr0q.txt,txt,train
1130,ckj6ru2jm001l246a48ozfr0q.xml,xml,train
1131,ckj6s0a44001m246ask4atw7q.png,png,train
1132,ckj6s0a44001m246ask4atw7q.txt,txt,train
1133,ckj6s0a44001m246ask4atw7q.xml,xml,train
1134,ckj6s1mm6001n246a5k0zxjmm.png,png,train
1135,ckj6s1mm6001n246a5k0zxjmm.txt,txt,train
1136,ckj6s1mm6001n246a5k0zxjmm.xml,xml,train
1137,ckj6s7c2i001o246a18er4nba.png,png,train
1138,ckj6s7c2i001o246a18er4nba.txt,txt,train
1139,ckj6s7c2i001o246a18er4nba.xml,xml,train
1140,ckj6safwg001p246al4ktzyus.png,png,train
1141,ckj6safwg001p246al4ktzyus.txt,txt,train
1142,ckj6safwg001p246al4ktzyus.xml,xml,train
1143,ckj6sbonb001q246aqhd49nod.png,png,train
1144,ckj6sbonb001q246aqhd49nod.txt,txt,train
1145,ckj6sbonb001q246aqhd49nod.xml,xml,train
1146,ckj6sdife001r246as2fugjxs.png,png,train
1147,ckj6sdife001r246as2fugjxs.txt,txt,train
1148,ckj6sdife001r246as2fugjxs.xml,xml,train
1149,ckj6sgvxp001t246anzqfkwrb.png,png,train
1150,ckj6sgvxp001t246anzqfkwrb.txt,txt,train
1151,ckj6sgvxp001t246anzqfkwrb.xml,xml,train
1152,ckj6sm06z001u246an1olss9s.png,png,train
1153,ckj6sm06z001u246an1olss9s.txt,txt,train
1154,ckj6sm06z001u246an1olss9s.xml,xml,train
1155,ckj6sn94i001v246aaooedykz.png,png,train
1156,ckj6sn94i001v246aaooedykz.txt,txt,train
1157,ckj6sn94i001v246aaooedykz.xml,xml,train
1158,ckj6sp6qb001w246a4xi8owo7.png,png,train
1159,ckj6sp6qb001w246a4xi8owo7.txt,txt,train
1160,ckj6sp6qb001w246a4xi8owo7.xml,xml,train
1161,ckj6sxujs001x246aoffua5d5.png,png,train
1162,ckj6sxujs001x246aoffua5d5.txt,txt,train
1163,ckj6sxujs001x246aoffua5d5.xml,xml,train
1164,ckj6tyl740000246aj140stj4.png,png,train
1165,ckj6tyl740000246aj140stj4.txt,txt,train
1166,ckj6tyl740000246aj140stj4.xml,xml,train
1167,ckj6u09210001246a7q9bppzt.png,png,train
1168,ckj6u09210001246a7q9bppzt.txt,txt,train
1169,ckj6u09210001246a7q9bppzt.xml,xml,train
1170,ckj6u4ea10004246a49bs9b2p.png,png,train
1171,ckj6u4ea10004246a49bs9b2p.txt,txt,train
1172,ckj6u4ea10004246a49bs9b2p.xml,xml,train
1173,ckj6u6vwe0005246amoqimfzu.png,png,train
1174,ckj6u6vwe0005246amoqimfzu.txt,txt,train
1175,ckj6u6vwe0005246amoqimfzu.xml,xml,train
1176,ckj6u892x0006246a4my81j0y.png,png,train
1177,ckj6u892x0006246a4my81j0y.txt,txt,train
1178,ckj6u892x0006246a4my81j0y.xml,xml,train
1179,ckj6u9bz00007246afm3lmvy1.png,png,train
1180,ckj6u9bz00007246afm3lmvy1.txt,txt,train
1181,ckj6u9bz00007246afm3lmvy1.xml,xml,train
1182,ckj6ub4270008246akk6t7krn.png,png,train
1183,ckj6ub4270008246akk6t7krn.txt,txt,train
1184,ckj6ub4270008246akk6t7krn.xml,xml,train
1185,ckj6ucdli0009246ahu1r8dh2.png,png,train
1186,ckj6ucdli0009246ahu1r8dh2.txt,txt,train
1187,ckj6ucdli0009246ahu1r8dh2.xml,xml,train
1188,ckj6udo2v000a246a4mqdgcuj.png,png,train
1189,ckj6udo2v000a246a4mqdgcuj.txt,txt,train
1190,ckj6udo2v000a246a4mqdgcuj.xml,xml,train
1191,ckj6uetjx000b246ar19fd8er.png,png,train
1192,ckj6uetjx000b246ar19fd8er.txt,txt,train
1193,ckj6uetjx000b246ar19fd8er.xml,xml,train
1194,ckj6ufvgh000c246a70c88ecf.png,png,train
1195,ckj6ufvgh000c246a70c88ecf.txt,txt,train
1196,ckj6ufvgh000c246a70c88ecf.xml,xml,train
1197,ckj6uj67e000d246awnemgh36.png,png,train
1198,ckj6uj67e000d246awnemgh36.txt,txt,train
1199,ckj6uj67e000d246awnemgh36.xml,xml,train
1200,ckj6ulbqs000e246a6f0ly5w9.png,png,train
1201,ckj6ulbqs000e246a6f0ly5w9.txt,txt,train
1202,ckj6ulbqs000e246a6f0ly5w9.xml,xml,train
1203,ckj6umdus000f246a43yla6dt.png,png,train
1204,ckj6umdus000f246a43yla6dt.txt,txt,train
1205,ckj6umdus000f246a43yla6dt.xml,xml,train
1206,ckj6uo1xw000i246ap6g07ybf.png,png,train
1207,ckj6uo1xw000i246ap6g07ybf.txt,txt,train
1208,ckj6uo1xw000i246ap6g07ybf.xml,xml,train
1209,ckj6up4p2000j246ae83ullrf.png,png,train
1210,ckj6up4p2000j246ae83ullrf.txt,txt,train
1211,ckj6up4p2000j246ae83ullrf.xml,xml,train
1212,ckj6urtfi000m246ayrni2x03.png,png,train
1213,ckj6urtfi000m246ayrni2x03.txt,txt,train
1214,ckj6urtfi000m246ayrni2x03.xml,xml,train
1215,ckj6usxx8000n246af195ri1x.png,png,train
1216,ckj6usxx8000n246af195ri1x.txt,txt,train
1217,ckj6usxx8000n246af195ri1x.xml,xml,train
1218,ckj6utyqc000o246ai9w7t569.png,png,train
1219,ckj6utyqc000o246ai9w7t569.txt,txt,train
1220,ckj6utyqc000o246ai9w7t569.xml,xml,train
1221,ckj6uv4r4000p246a6td65co8.png,png,train
1222,ckj6uv4r4000p246a6td65co8.txt,txt,train
1223,ckj6uv4r4000p246a6td65co8.xml,xml,train
1224,ckj6uw6go000q246a5d9zpl5m.png,png,train
1225,ckj6uw6go000q246a5d9zpl5m.txt,txt,train
1226,ckj6uw6go000q246a5d9zpl5m.xml,xml,train
1227,ckj6uxnga000r246aa6tyszld.png,png,train
1228,ckj6uxnga000r246aa6tyszld.txt,txt,train
1229,ckj6uxnga000r246aa6tyszld.xml,xml,train
1230,ckj6uyowf000s246a4yw5tc1y.png,png,train
1231,ckj6uyowf000s246a4yw5tc1y.txt,txt,train
1232,ckj6uyowf000s246a4yw5tc1y.xml,xml,train
1233,ckj6v04o6000t246a7ocbmlv4.png,png,train
1234,ckj6v04o6000t246a7ocbmlv4.txt,txt,train
1235,ckj6v04o6000t246a7ocbmlv4.xml,xml,train
1236,ckj6v1c3r000u246aom6e9o4u.png,png,train
1237,ckj6v1c3r000u246aom6e9o4u.txt,txt,train
1238,ckj6v1c3r000u246aom6e9o4u.xml,xml,train
1239,ckj6v42wq000v246a3hg09n0n.png,png,train
1240,ckj6v42wq000v246a3hg09n0n.txt,txt,train
1241,ckj6v42wq000v246a3hg09n0n.xml,xml,train
1242,ckj6v531k000w246am785cegk.png,png,train
1243,ckj6v531k000w246am785cegk.txt,txt,train
1244,ckj6v531k000w246am785cegk.xml,xml,train
1245,ckj6v6ih2000x246ailzjomin.png,png,train
1246,ckj6v6ih2000x246ailzjomin.txt,txt,train
1247,ckj6v6ih2000x246ailzjomin.xml,xml,train
1248,ckj6v83oy000y246aj4amamko.png,png,train
1249,ckj6v83oy000y246aj4amamko.txt,txt,train
1250,ckj6v83oy000y246aj4amamko.xml,xml,train
1251,ckj6v9u1h000z246aqos4fo5m.png,png,train
1252,ckj6v9u1h000z246aqos4fo5m.txt,txt,train
1253,ckj6v9u1h000z246aqos4fo5m.xml,xml,train
1254,ckj6vapgr0010246ai0itfcop.png,png,train
1255,ckj6vapgr0010246ai0itfcop.txt,txt,train
1256,ckj6vapgr0010246ai0itfcop.xml,xml,train
1257,ckj6ytjkg0011246afyfitndt.png,png,train
1258,ckj6ytjkg0011246afyfitndt.txt,txt,train
1259,ckj6ytjkg0011246afyfitndt.xml,xml,train
1260,ckj6yuo3k0012246at4fkjb12.png,png,train
1261,ckj6yuo3k0012246at4fkjb12.txt,txt,train
1262,ckj6yuo3k0012246at4fkjb12.xml,xml,train
1263,ckj6yw7gr0013246a2wzvkjgy.png,png,train
1264,ckj6yw7gr0013246a2wzvkjgy.txt,txt,train
1265,ckj6yw7gr0013246a2wzvkjgy.xml,xml,train
1266,ckj6yxm6w0014246aeg3x0cpa.png,png,train
1267,ckj6yxm6w0014246aeg3x0cpa.txt,txt,train
1268,ckj6yxm6w0014246aeg3x0cpa.xml,xml,train
1269,ckj6yzneu0015246a9ukpt4ie.png,png,train
1270,ckj6yzneu0015246a9ukpt4ie.txt,txt,train
1271,ckj6yzneu0015246a9ukpt4ie.xml,xml,train
1272,ckj6z0qxj0016246a815dweli.png,png,train
1273,ckj6z0qxj0016246a815dweli.txt,txt,train
1274,ckj6z0qxj0016246a815dweli.xml,xml,train
1275,ckj6z33430018246azjrdzoqy.png,png,train
1276,ckj6z33430018246azjrdzoqy.txt,txt,train
1277,ckj6z33430018246azjrdzoqy.xml,xml,train
1278,ckj6z4c540019246asf2gccmr.png,png,train
1279,ckj6z4c540019246asf2gccmr.txt,txt,train
1280,ckj6z4c540019246asf2gccmr.xml,xml,train
1281,ckj6z5tj8001a246arp393tnm.png,png,train
1282,ckj6z5tj8001a246arp393tnm.txt,txt,train
1283,ckj6z5tj8001a246arp393tnm.xml,xml,train
1284,ckj6zamyt001b246ajt5ewboz.png,png,train
1285,ckj6zamyt001b246ajt5ewboz.txt,txt,train
1286,ckj6zamyt001b246ajt5ewboz.xml,xml,train
1287,ckj6zbja3001c246a3jg4ppen.png,png,train
1288,ckj6zbja3001c246a3jg4ppen.txt,txt,train
1289,ckj6zbja3001c246a3jg4ppen.xml,xml,train
1290,ckj6zg1rf001d246ayi9bgj03.png,png,train
1291,ckj6zg1rf001d246ayi9bgj03.txt,txt,train
1292,ckj6zg1rf001d246ayi9bgj03.xml,xml,train
1293,ckj6zh5m3001e246akjovk2wg.png,png,train
1294,ckj6zh5m3001e246akjovk2wg.txt,txt,train
1295,ckj6zh5m3001e246akjovk2wg.xml,xml,train
1296,ckj6zi7th001f246ascfg9jup.png,png,train
1297,ckj6zi7th001f246ascfg9jup.txt,txt,train
1298,ckj6zi7th001f246ascfg9jup.xml,xml,train
1299,ckj6zjj76001g246aj6dvegai.png,png,train
1300,ckj6zjj76001g246aj6dvegai.txt,txt,train
1301,ckj6zjj76001g246aj6dvegai.xml,xml,train
1302,ckj6zqg9z001h246avaw1r7af.png,png,train
1303,ckj6zqg9z001h246avaw1r7af.txt,txt,train
1304,ckj6zqg9z001h246avaw1r7af.xml,xml,train
1305,ckj6zrr4e001i246adat2iyck.png,png,train
1306,ckj6zrr4e001i246adat2iyck.txt,txt,train
1307,ckj6zrr4e001i246adat2iyck.xml,xml,train
1308,ckj6zt9ah001j246avjnppb6p.png,png,train
1309,ckj6zt9ah001j246avjnppb6p.txt,txt,train
1310,ckj6zt9ah001j246avjnppb6p.xml,xml,train
1311,ckj702m5b001k246awz9n209g.png,png,train
1312,ckj702m5b001k246awz9n209g.txt,txt,train
1313,ckj702m5b001k246awz9n209g.xml,xml,train
1314,ckn75td6o000l3068nelfuzlo.jpeg,jpeg,train
1315,ckn75td6o000l3068nelfuzlo.txt,txt,train
1316,ckn75td6o000l3068nelfuzlo.xml,xml,train
1317,ckn75vzi80019306874pvuexa.jpeg,jpeg,train
1318,ckn75vzi80019306874pvuexa.txt,txt,train
1319,ckn75vzi80019306874pvuexa.xml,xml,train
1320,ckn75yfnb001m3068zfe58cyw.jpeg,jpeg,train
1321,ckn75yfnb001m3068zfe58cyw.txt,txt,train
1322,ckn75yfnb001m3068zfe58cyw.xml,xml,train
1323,ckn75zqny00223068hw7wko3w.jpeg,jpeg,train
1324,ckn75zqny00223068hw7wko3w.txt,txt,train
1325,ckn75zqny00223068hw7wko3w.xml,xml,train
1326,ckn761b3j002l3068u4pxoxll.jpeg,jpeg,train
1327,ckn761b3j002l3068u4pxoxll.txt,txt,train
1328,ckn761b3j002l3068u4pxoxll.xml,xml,train
1329,ckn763mln0035306837orajag.jpeg,jpeg,train
1330,ckn763mln0035306837orajag.txt,txt,train
1331,ckn763mln0035306837orajag.xml,xml,train
1332,ckn764xqh003i3068ztvi1ec5.jpeg,jpeg,train
1333,ckn764xqh003i3068ztvi1ec5.txt,txt,train
1334,ckn764xqh003i3068ztvi1ec5.xml,xml,train
1335,ckn766phu00403068tx1sqylc.jpeg,jpeg,train
1336,ckn766phu00403068tx1sqylc.txt,txt,train
1337,ckn766phu00403068tx1sqylc.xml,xml,train
1338,ckn7686ed004m3068b0553zq5.jpeg,jpeg,train
1339,ckn7686ed004m3068b0553zq5.txt,txt,train
1340,ckn7686ed004m3068b0553zq5.xml,xml,train
1341,ckn769pf2005530686gclzz03.jpeg,jpeg,train
1342,ckn769pf2005530686gclzz03.txt,txt,train
1343,ckn769pf2005530686gclzz03.xml,xml,train
1344,ckn76cx66005t3068j4uv8zkw.jpeg,jpeg,train
1345,ckn76cx66005t3068j4uv8zkw.txt,txt,train
1346,ckn76cx66005t3068j4uv8zkw.xml,xml,train
1347,ckn76dny7006330683z2b495a.jpeg,jpeg,train
1348,ckn76dny7006330683z2b495a.txt,txt,train
1349,ckn76dny7006330683z2b495a.xml,xml,train
1350,ckn76gkp7006o3068tlz84wfn.jpeg,jpeg,train
1351,ckn76gkp7006o3068tlz84wfn.txt,txt,train
1352,ckn76gkp7006o3068tlz84wfn.xml,xml,train
1353,ckn76ip74007a30682nrx8h01.jpeg,jpeg,train
1354,ckn76ip74007a30682nrx8h01.txt,txt,train
1355,ckn76ip74007a30682nrx8h01.xml,xml,train
1356,ckn76kngy007p30688nxjy8ep.jpeg,jpeg,train
1357,ckn76kngy007p30688nxjy8ep.txt,txt,train
1358,ckn76kngy007p30688nxjy8ep.xml,xml,train
1359,ckn76ljk200803068jih1bmpp.jpeg,jpeg,train
1360,ckn76ljk200803068jih1bmpp.txt,txt,train
1361,ckn76ljk200803068jih1bmpp.xml,xml,train
1362,ckn76nixr008m3068mquo57qh.jpeg,jpeg,train
1363,ckn76nixr008m3068mquo57qh.txt,txt,train
1364,ckn76nixr008m3068mquo57qh.xml,xml,train
1365,ckn76r7kl009a3068blod1qdc.jpeg,jpeg,train
1366,ckn76r7kl009a3068blod1qdc.txt,txt,train
1367,ckn76r7kl009a3068blod1qdc.xml,xml,train
1368,ckn76rqr8009e3068xif4vrpn.jpeg,jpeg,train
1369,ckn76rqr8009e3068xif4vrpn.txt,txt,train
1370,ckn76rqr8009e3068xif4vrpn.xml,xml,train
1371,ckn76tvkh00a33068vhcz9vnv.jpeg,jpeg,train
1372,ckn76tvkh00a33068vhcz9vnv.txt,txt,train
1373,ckn76tvkh00a33068vhcz9vnv.xml,xml,train
1374,ckn76v8qr00ap306849gmmpqx.jpeg,jpeg,train
1375,ckn76v8qr00ap306849gmmpqx.txt,txt,train
1376,ckn76v8qr00ap306849gmmpqx.xml,xml,train
1377,ckn76wkup00bd3068wnf7a1hy.jpeg,jpeg,train
1378,ckn76wkup00bd3068wnf7a1hy.txt,txt,train
1379,ckn76wkup00bd3068wnf7a1hy.xml,xml,train
1380,ckn76y8dn00bz3068fs7apahu.jpeg,jpeg,train
1381,ckn76y8dn00bz3068fs7apahu.txt,txt,train
1382,ckn76y8dn00bz3068fs7apahu.xml,xml,train
1383,ckn770cn400cd30682d6p1p3c.jpeg,jpeg,train
1384,ckn770cn400cd30682d6p1p3c.txt,txt,train
1385,ckn770cn400cd30682d6p1p3c.xml,xml,train
1386,ckn772m7k00cz30684eb913wt.jpeg,jpeg,train
1387,ckn772m7k00cz30684eb913wt.txt,txt,train
1388,ckn772m7k00cz30684eb913wt.xml,xml,train
1389,ckn774c1m00dl30683tbrc2ic.jpeg,jpeg,train
1390,ckn774c1m00dl30683tbrc2ic.txt,txt,train
1391,ckn774c1m00dl30683tbrc2ic.xml,xml,train
1392,ckn7765tp00e73068edwy9ubg.jpeg,jpeg,train
1393,ckn7765tp00e73068edwy9ubg.txt,txt,train
1394,ckn7765tp00e73068edwy9ubg.xml,xml,train
1395,ckn776r7o00ec3068iv66v1aa.jpeg,jpeg,train
1396,ckn776r7o00ec3068iv66v1aa.txt,txt,train
1397,ckn776r7o00ec3068iv66v1aa.xml,xml,train
1398,ckn77aqr000ey3068vt4m50xm.jpeg,jpeg,train
1399,ckn77aqr000ey3068vt4m50xm.txt,txt,train
1400,ckn77aqr000ey3068vt4m50xm.xml,xml,train
1401,ckn77ckvp00f83068m4whbbq9.jpeg,jpeg,train
1402,ckn77ckvp00f83068m4whbbq9.txt,txt,train
1403,ckn77ckvp00f83068m4whbbq9.xml,xml,train
1404,ckn77ecdm00fu3068vmwodvl4.jpeg,jpeg,train
1405,ckn77ecdm00fu3068vmwodvl4.txt,txt,train
1406,ckn77ecdm00fu3068vmwodvl4.xml,xml,train
1407,ckn77fkba00g93068m2pl5g92.jpeg,jpeg,train
1408,ckn77fkba00g93068m2pl5g92.txt,txt,train
1409,ckn77fkba00g93068m2pl5g92.xml,xml,train
1410,ckn77ides00gv3068jmb2dpn4.jpeg,jpeg,train
1411,ckn77ides00gv3068jmb2dpn4.txt,txt,train
1412,ckn77ides00gv3068jmb2dpn4.xml,xml,train
1413,ckn77j8t900h53068xq4ytkiz.jpeg,jpeg,train
1414,ckn77j8t900h53068xq4ytkiz.txt,txt,train
1415,ckn77j8t900h53068xq4ytkiz.xml,xml,train
1416,ckn77ldw900hr30680cirpfy7.jpeg,jpeg,train
1417,ckn77ldw900hr30680cirpfy7.txt,txt,train
1418,ckn77ldw900hr30680cirpfy7.xml,xml,train
1419,ckn77meic00i03068gc8awm0c.jpeg,jpeg,train
1420,ckn77meic00i03068gc8awm0c.txt,txt,train
1421,ckn77meic00i03068gc8awm0c.xml,xml,train
1422,ckn77mzt500i73068nu2ylf5x.jpeg,jpeg,train
1423,ckn77mzt500i73068nu2ylf5x.txt,txt,train
1424,ckn77mzt500i73068nu2ylf5x.xml,xml,train
1425,ckn77oyg900iq3068dda68cch.jpeg,jpeg,train
1426,ckn77oyg900iq3068dda68cch.txt,txt,train
1427,ckn77oyg900iq3068dda68cch.xml,xml,train
1428,ckn77r47z00jc3068phq7x5u2.jpeg,jpeg,train
1429,ckn77r47z00jc3068phq7x5u2.txt,txt,train
1430,ckn77r47z00jc3068phq7x5u2.xml,xml,train
1431,ckn77t68m00jz3068vrhhs415.jpeg,jpeg,train
1432,ckn77t68m00jz3068vrhhs415.txt,txt,train
1433,ckn77t68m00jz3068vrhhs415.xml,xml,train
1434,ckn77vabg00kl3068mhzdrnvq.jpeg,jpeg,train
1435,ckn77vabg00kl3068mhzdrnvq.txt,txt,train
1436,ckn77vabg00kl3068mhzdrnvq.xml,xml,train
1437,ckn77wti900l73068fqmsc7zn.jpeg,jpeg,train
1438,ckn77wti900l73068fqmsc7zn.txt,txt,train
1439,ckn77wti900l73068fqmsc7zn.xml,xml,train
1440,ckn77x5i800lb3068tgwvgl9j.jpeg,jpeg,train
1441,ckn77x5i800lb3068tgwvgl9j.txt,txt,train
1442,ckn77x5i800lb3068tgwvgl9j.xml,xml,train
1443,ckn77ysc200ls3068dej48kcu.jpeg,jpeg,train
1444,ckn77ysc200ls3068dej48kcu.txt,txt,train
1445,ckn77ysc200ls3068dej48kcu.xml,xml,train
1446,ckn780e4g00mb3068kwer51kw.jpeg,jpeg,train
1447,ckn780e4g00mb3068kwer51kw.txt,txt,train
1448,ckn780e4g00mb3068kwer51kw.xml,xml,train
1449,ckn7821ce00mx3068efkf7dth.jpeg,jpeg,train
1450,ckn7821ce00mx3068efkf7dth.txt,txt,train
1451,ckn7821ce00mx3068efkf7dth.xml,xml,train
1452,ckn783rxv00nj3068jlxoy78t.jpeg,jpeg,train
1453,ckn783rxv00nj3068jlxoy78t.txt,txt,train
1454,ckn783rxv00nj3068jlxoy78t.xml,xml,train
1455,ckn7a3tgm00o13068hc3ms2as.jpeg,jpeg,train
1456,ckn7a3tgm00o13068hc3ms2as.txt,txt,train
1457,ckn7a3tgm00o13068hc3ms2as.xml,xml,train
1458,ckn7a5jrn00on3068khb1w04r.jpeg,jpeg,train
1459,ckn7a5jrn00on3068khb1w04r.txt,txt,train
1460,ckn7a5jrn00on3068khb1w04r.xml,xml,train
1461,ckn7a78lx00p93068pfsjejvg.jpeg,jpeg,train
1462,ckn7a78lx00p93068pfsjejvg.txt,txt,train
1463,ckn7a78lx00p93068pfsjejvg.xml,xml,train
1464,ckn7a9a4q00pv306804fq4kil.jpeg,jpeg,train
1465,ckn7a9a4q00pv306804fq4kil.txt,txt,train
1466,ckn7a9a4q00pv306804fq4kil.xml,xml,train
1467,ckn7aanym00qe3068vj78u6qj.jpeg,jpeg,train
1468,ckn7aanym00qe3068vj78u6qj.txt,txt,train
1469,ckn7aanym00qe3068vj78u6qj.xml,xml,train
1470,ckn7aclb800r03068d5t0pzp3.jpeg,jpeg,train
1471,ckn7aclb800r03068d5t0pzp3.txt,txt,train
1472,ckn7aclb800r03068d5t0pzp3.xml,xml,train
1473,ckn7aempw00rm3068057a0y1q.jpeg,jpeg,train
1474,ckn7aempw00rm3068057a0y1q.txt,txt,train
1475,ckn7aempw00rm3068057a0y1q.xml,xml,train
1476,ckn7agzb600sa3068jeyz31e3.jpeg,jpeg,train
1477,ckn7agzb600sa3068jeyz31e3.txt,txt,train
1478,ckn7agzb600sa3068jeyz31e3.xml,xml,train
1479,ckn7aihvk00sw3068tdyf8d97.jpeg,jpeg,train
1480,ckn7aihvk00sw3068tdyf8d97.txt,txt,train
1481,ckn7aihvk00sw3068tdyf8d97.xml,xml,train
1482,ckn7ajwa800tc3068vktb0z8y.jpeg,jpeg,train
1483,ckn7ajwa800tc3068vktb0z8y.txt,txt,train
1484,ckn7ajwa800tc3068vktb0z8y.xml,xml,train
1485,ckn7akg2t00tj30688zq6r4te.jpeg,jpeg,train
1486,ckn7akg2t00tj30688zq6r4te.txt,txt,train
1487,ckn7akg2t00tj30688zq6r4te.xml,xml,train
1488,ckn7aoqm200u530683n3cmkiz.jpeg,jpeg,train
1489,ckn7aoqm200u530683n3cmkiz.txt,txt,train
1490,ckn7aoqm200u530683n3cmkiz.xml,xml,train
1491,ckn7aprot00ur3068ypqa0une.jpeg,jpeg,train
1492,ckn7aprot00ur3068ypqa0une.txt,txt,train
1493,ckn7aprot00ur3068ypqa0une.xml,xml,train
1494,ckn7aycms00vd3068aimfio5c.jpeg,jpeg,train
1495,ckn7aycms00vd3068aimfio5c.txt,txt,train
1496,ckn7aycms00vd3068aimfio5c.xml,xml,train
1497,ckn7b0sp000wl3068g7fawlpv.jpeg,jpeg,train
1498,ckn7b0sp000wl3068g7fawlpv.txt,txt,train
1499,ckn7b0sp000wl3068g7fawlpv.xml,xml,train
1500,ckn7b2qoh00x73068nu6pzvr2.jpeg,jpeg,train
1501,ckn7b2qoh00x73068nu6pzvr2.txt,txt,train
1502,ckn7b2qoh00x73068nu6pzvr2.xml,xml,train
1503,ckn7b42rh00xt3068la1z4fjx.jpeg,jpeg,train
1504,ckn7b42rh00xt3068la1z4fjx.txt,txt,train
1505,ckn7b42rh00xt3068la1z4fjx.xml,xml,train
1506,ckn7b6drt00yh3068huxns41f.jpeg,jpeg,train
1507,ckn7b6drt00yh3068huxns41f.txt,txt,train
1508,ckn7b6drt00yh3068huxns41f.xml,xml,train
1509,ckn7b6r4l00yl3068q1j4z9v5.jpeg,jpeg,train
1510,ckn7b6r4l00yl3068q1j4z9v5.txt,txt,train
1511,ckn7b6r4l00yl3068q1j4z9v5.xml,xml,train
1512,ckn7becgs00zu3068jm5bsyvb.jpeg,jpeg,train
1513,ckn7becgs00zu3068jm5bsyvb.txt,txt,train
1514,ckn7becgs00zu3068jm5bsyvb.xml,xml,train
1515,ckn7bfs1j010d3068xuxxlfp6.jpeg,jpeg,train
1516,ckn7bfs1j010d3068xuxxlfp6.txt,txt,train
1517,ckn7bfs1j010d3068xuxxlfp6.xml,xml,train
1518,ckn7bggyo010q3068pb5r8ff0.jpeg,jpeg,train
1519,ckn7bggyo010q3068pb5r8ff0.txt,txt,train
1520,ckn7bggyo010q3068pb5r8ff0.xml,xml,train
1521,ckn7c1pdy011c30686vkq7jk9.jpeg,jpeg,train
1522,ckn7c1pdy011c30686vkq7jk9.txt,txt,train
1523,ckn7c1pdy011c30686vkq7jk9.xml,xml,train
1524,ckn7c3yiy011y3068ifee2ecc.jpeg,jpeg,train
1525,ckn7c3yiy011y3068ifee2ecc.txt,txt,train
1526,ckn7c3yiy011y3068ifee2ecc.xml,xml,train
1527,ckn7c3yq6000k3h66q1imb90l.jpeg,jpeg,train
1528,ckn7c3yq6000k3h66q1imb90l.txt,txt,train
1529,ckn7c3yq6000k3h66q1imb90l.xml,xml,train
1530,ckn7c5mu8012k3068zcdr9iqs.jpeg,jpeg,train
1531,ckn7c5mu8012k3068zcdr9iqs.txt,txt,train
1532,ckn7c5mu8012k3068zcdr9iqs.xml,xml,train
1533,ckn7c6ehn012r3068yu0yx2d9.jpeg,jpeg,train
1534,ckn7c6ehn012r3068yu0yx2d9.txt,txt,train
1535,ckn7c6ehn012r3068yu0yx2d9.xml,xml,train
1536,ckn7c6mgq00163h66nshlj305.jpeg,jpeg,train
1537,ckn7c6mgq00163h66nshlj305.txt,txt,train
1538,ckn7c6mgq00163h66nshlj305.xml,xml,train
1539,ckn7c7a0c012v3068nzn812q5.jpeg,jpeg,train
1540,ckn7c7a0c012v3068nzn812q5.txt,txt,train
1541,ckn7c7a0c012v3068nzn812q5.xml,xml,train
1542,ckn7c8rgv013i3068m7fsw10h.jpeg,jpeg,train
1543,ckn7c8rgv013i3068m7fsw10h.txt,txt,train
1544,ckn7c8rgv013i3068m7fsw10h.xml,xml,train
1545,ckn7ca2h101443068w6pm5v6a.jpeg,jpeg,train
1546,ckn7ca2h101443068w6pm5v6a.txt,txt,train
1547,ckn7ca2h101443068w6pm5v6a.xml,xml,train
1548,ckn7cbwkg014s30680jyijnxi.jpeg,jpeg,train
1549,ckn7cbwkg014s30680jyijnxi.txt,txt,train
1550,ckn7cbwkg014s30680jyijnxi.xml,xml,train
1551,ckn7cd7vt015e3068szo8o3o8.jpeg,jpeg,train
1552,ckn7cd7vt015e3068szo8o3o8.txt,txt,train
1553,ckn7cd7vt015e3068szo8o3o8.xml,xml,train
1554,ckn7ceis5015u30685o88h9ds.jpeg,jpeg,train
1555,ckn7ceis5015u30685o88h9ds.txt,txt,train
1556,ckn7ceis5015u30685o88h9ds.xml,xml,train
1557,ckn7cfiuf0169306895s0qtj4.jpeg,jpeg,train
1558,ckn7cfiuf0169306895s0qtj4.txt,txt,train
1559,ckn7cfiuf0169306895s0qtj4.xml,xml,train
1560,ckn7cgkqf001s3h66ulbd74z0.jpeg,jpeg,train
1561,ckn7cgkqf001s3h66ulbd74z0.txt,txt,train
1562,ckn7cgkqf001s3h66ulbd74z0.xml,xml,train
1563,ckn7cgwc1016v30687fk1z4c5.jpeg,jpeg,train
1564,ckn7cgwc1016v30687fk1z4c5.txt,txt,train
1565,ckn7cgwc1016v30687fk1z4c5.xml,xml,train
1566,ckn7ci0fb00253h660o0ehk2b.jpeg,jpeg,train
1567,ckn7ci0fb00253h660o0ehk2b.txt,txt,train
1568,ckn7ci0fb00253h660o0ehk2b.xml,xml,train
1569,ckn7civyv017g3068xq4fgghd.jpeg,jpeg,train
1570,ckn7civyv017g3068xq4fgghd.txt,txt,train
1571,ckn7civyv017g3068xq4fgghd.xml,xml,train
1572,ckn7ck2zr017q30688e8mtn1t.jpeg,jpeg,train
1573,ckn7ck2zr017q30688e8mtn1t.txt,txt,train
1574,ckn7ck2zr017q30688e8mtn1t.xml,xml,train
1575,ckn7cknnn002r3h66iyh76v2t.jpeg,jpeg,train
1576,ckn7cknnn002r3h66iyh76v2t.txt,txt,train
1577,ckn7cknnn002r3h66iyh76v2t.xml,xml,train
1578,ckn7cn072003f3h66x8yihy28.jpeg,jpeg,train
1579,ckn7cn072003f3h66x8yihy28.txt,txt,train
1580,ckn7cn072003f3h66x8yihy28.xml,xml,train
1581,ckn7cna96018r306887vumzn2.jpeg,jpeg,train
1582,ckn7cna96018r306887vumzn2.txt,txt,train
1583,ckn7cna96018r306887vumzn2.xml,xml,train
1584,ckn7comxi00413h66ud96f14z.jpeg,jpeg,train
1585,ckn7comxi00413h66ud96f14z.txt,txt,train
1586,ckn7comxi00413h66ud96f14z.xml,xml,train
1587,ckn7cos3s01973068r12irdmg.jpeg,jpeg,train
1588,ckn7cos3s01973068r12irdmg.txt,txt,train
1589,ckn7cos3s01973068r12irdmg.xml,xml,train
1590,ckn7cpxgn019t3068m8oin3a6.jpeg,jpeg,train
1591,ckn7cpxgn019t3068m8oin3a6.txt,txt,train
1592,ckn7cpxgn019t3068m8oin3a6.xml,xml,train
1593,ckn7cqorl004n3h66jq6uii6v.jpeg,jpeg,train
1594,ckn7cqorl004n3h66jq6uii6v.txt,txt,train
1595,ckn7cqorl004n3h66jq6uii6v.xml,xml,train
1596,ckn7crr0e00503h665gwxac7t.jpeg,jpeg,train
1597,ckn7crr0e00503h665gwxac7t.txt,txt,train
1598,ckn7crr0e00503h665gwxac7t.xml,xml,train
1599,ckn7ct8yo005d3h66ag027ps7.jpeg,jpeg,train
1600,ckn7ct8yo005d3h66ag027ps7.txt,txt,train
1601,ckn7ct8yo005d3h66ag027ps7.xml,xml,train
1602,ckn7cuiow01af30686qv0m145.jpeg,jpeg,train
1603,ckn7cuiow01af30686qv0m145.txt,txt,train
1604,ckn7cuiow01af30686qv0m145.xml,xml,train
1605,ckn7cviz401aj3068im82olkm.jpeg,jpeg,train
1606,ckn7cviz401aj3068im82olkm.txt,txt,train
1607,ckn7cviz401aj3068im82olkm.xml,xml,train
1608,ckn7cxc4501b33068pm1b1xpv.jpeg,jpeg,train
1609,ckn7cxc4501b33068pm1b1xpv.txt,txt,train
1610,ckn7cxc4501b33068pm1b1xpv.xml,xml,train
1611,ckn7cyduu006n3h66riht1e98.jpeg,jpeg,train
1612,ckn7cyduu006n3h66riht1e98.txt,txt,train
1613,ckn7cyduu006n3h66riht1e98.xml,xml,train
1614,ckn7cyriy01bm3068s5jytwq5.jpeg,jpeg,train
1615,ckn7cyriy01bm3068s5jytwq5.txt,txt,train
1616,ckn7cyriy01bm3068s5jytwq5.xml,xml,train
1617,ckn7d0pi701c83068l3u59ybi.jpeg,jpeg,train
1618,ckn7d0pi701c83068l3u59ybi.txt,txt,train
1619,ckn7d0pi701c83068l3u59ybi.xml,xml,train
1620,ckn7d1d5m00733h66am8f9050.jpeg,jpeg,train
1621,ckn7d1d5m00733h66am8f9050.txt,txt,train
1622,ckn7d1d5m00733h66am8f9050.xml,xml,train
1623,ckn7d2b9m01cu3068h9ehz9j0.jpeg,jpeg,train
1624,ckn7d2b9m01cu3068h9ehz9j0.txt,txt,train
1625,ckn7d2b9m01cu3068h9ehz9j0.xml,xml,train
1626,ckn7d39dd007p3h66gjeio0dd.jpeg,jpeg,train
1627,ckn7d39dd007p3h66gjeio0dd.txt,txt,train
1628,ckn7d39dd007p3h66gjeio0dd.xml,xml,train
1629,ckn7d4cfc01dg3068pvdhqih4.jpeg,jpeg,train
1630,ckn7d4cfc01dg3068pvdhqih4.txt,txt,train
1631,ckn7d4cfc01dg3068pvdhqih4.xml,xml,train
1632,ckn7d5jv701do30682pwsugfd.jpeg,jpeg,train
1633,ckn7d5jv701do30682pwsugfd.txt,txt,train
1634,ckn7d5jv701do30682pwsugfd.xml,xml,train
1635,ckn7d6qv001ea3068n03uk9t5.jpeg,jpeg,train
1636,ckn7d6qv001ea3068n03uk9t5.txt,txt,train
1637,ckn7d6qv001ea3068n03uk9t5.xml,xml,train
1638,ckn7d83mv01ew3068hb7iluwa.jpeg,jpeg,train
1639,ckn7d83mv01ew3068hb7iluwa.txt,txt,train
1640,ckn7d83mv01ew3068hb7iluwa.xml,xml,train
1641,ckn7d936n008b3h66bt0vc5k8.jpeg,jpeg,train
1642,ckn7d936n008b3h66bt0vc5k8.txt,txt,train
1643,ckn7d936n008b3h66bt0vc5k8.xml,xml,train
1644,ckn7d9r5t01fi3068rb8gr6zr.jpeg,jpeg,train
1645,ckn7d9r5t01fi3068rb8gr6zr.txt,txt,train
1646,ckn7d9r5t01fi3068rb8gr6zr.xml,xml,train
1647,ckn7db1f601fy3068i8nvm201.jpeg,jpeg,train
1648,ckn7db1f601fy3068i8nvm201.txt,txt,train
1649,ckn7db1f601fy3068i8nvm201.xml,xml,train
1650,ckn7dcoea01gk30680xn1u7bv.jpeg,jpeg,train
1651,ckn7dcoea01gk30680xn1u7bv.txt,txt,train
1652,ckn7dcoea01gk30680xn1u7bv.xml,xml,train
1653,ckn7dddzj008x3h66b54u9qe8.jpeg,jpeg,train
1654,ckn7dddzj008x3h66b54u9qe8.txt,txt,train
1655,ckn7dddzj008x3h66b54u9qe8.xml,xml,train
1656,ckn7ddopj01h63068h5v2q77y.jpeg,jpeg,train
1657,ckn7ddopj01h63068h5v2q77y.txt,txt,train
1658,ckn7ddopj01h63068h5v2q77y.xml,xml,train
1659,ckn7deu7101hs3068m7efvnxq.jpeg,jpeg,train
1660,ckn7deu7101hs3068m7efvnxq.txt,txt,train
1661,ckn7deu7101hs3068m7efvnxq.xml,xml,train
1662,ckn7dezh1009l3h66m54wz6sj.jpeg,jpeg,train
1663,ckn7dezh1009l3h66m54wz6sj.txt,txt,train
1664,ckn7dezh1009l3h66m54wz6sj.xml,xml,train
1665,ckn7dfumx009v3h66b4doj7sz.jpeg,jpeg,train
1666,ckn7dfumx009v3h66b4doj7sz.txt,txt,train
1667,ckn7dfumx009v3h66b4doj7sz.xml,xml,train
1668,ckn7dfw6u01i83068vrrzhu2b.jpeg,jpeg,train
1669,ckn7dfw6u01i83068vrrzhu2b.txt,txt,train
1670,ckn7dfw6u01i83068vrrzhu2b.xml,xml,train
1671,ckn7dh3je01iu3068snby04rn.jpeg,jpeg,train
1672,ckn7dh3je01iu3068snby04rn.txt,txt,train
1673,ckn7dh3je01iu3068snby04rn.xml,xml,train
1674,ckn7dhjmw00ah3h6665lnlr86.jpeg,jpeg,train
1675,ckn7dhjmw00ah3h6665lnlr86.txt,txt,train
1676,ckn7dhjmw00ah3h6665lnlr86.xml,xml,train
1677,ckn7dir8501jg3068balc54jg.jpeg,jpeg,train
1678,ckn7dir8501jg3068balc54jg.txt,txt,train
1679,ckn7dir8501jg3068balc54jg.xml,xml,train
1680,ckn7dlc7m000m3h662lboqlob.jpeg,jpeg,train
1681,ckn7dlc7m000m3h662lboqlob.txt,txt,train
1682,ckn7dlc7m000m3h662lboqlob.xml,xml,train
1683,ckn7dmzrd00183h66joxua5db.jpeg,jpeg,train
1684,ckn7dmzrd00183h66joxua5db.txt,txt,train
1685,ckn7dmzrd00183h66joxua5db.xml,xml,train
1686,ckn7dpc87001w3h66nfp0otgl.jpeg,jpeg,train
1687,ckn7dpc87001w3h66nfp0otgl.txt,txt,train
1688,ckn7dpc87001w3h66nfp0otgl.xml,xml,train
1689,ckicup6z1000g246a7fphj2ry.jpeg,jpeg,test
1690,ckicup6z1000g246a7fphj2ry.txt,txt,test
1691,ckicup6z1000g246a7fphj2ry.xml,xml,test
1692,ckicv7bge000i246amogy2uak.jpeg,jpeg,test
1693,ckicv7bge000i246amogy2uak.txt,txt,test
1694,ckicv7bge000i246amogy2uak.xml,xml,test
1695,ckicz5mvn001m246adc3vvpi8.jpeg,jpeg,test
1696,ckicz5mvn001m246adc3vvpi8.txt,txt,test
1697,ckicz5mvn001m246adc3vvpi8.xml,xml,test
1698,ckid0aey1002d246a4yttijxq.jpeg,jpeg,test
1699,ckid0aey1002d246a4yttijxq.txt,txt,test
1700,ckid0aey1002d246a4yttijxq.xml,xml,test
1701,ckie431xs003u246amh9uo6cv.jpeg,jpeg,test
1702,ckie431xs003u246amh9uo6cv.txt,txt,test
1703,ckie431xs003u246amh9uo6cv.xml,xml,test
1704,ckie4cimr003x246aoznobsso.jpeg,jpeg,test
1705,ckie4cimr003x246aoznobsso.txt,txt,test
1706,ckie4cimr003x246aoznobsso.xml,xml,test
1707,ckie5frk9004n246afbzcg2bv.jpeg,jpeg,test
1708,ckie5frk9004n246afbzcg2bv.txt,txt,test
1709,ckie5frk9004n246afbzcg2bv.xml,xml,test
1710,ckie5gyti004o246apj0w8xa5.jpeg,jpeg,test
1711,ckie5gyti004o246apj0w8xa5.txt,txt,test
1712,ckie5gyti004o246apj0w8xa5.xml,xml,test
1713,ckie7hpqn0060246ajpom24hc.jpeg,jpeg,test
1714,ckie7hpqn0060246ajpom24hc.txt,txt,test
1715,ckie7hpqn0060246ajpom24hc.xml,xml,test
1716,ckie9t257007f246azz6y65h1.jpeg,jpeg,test
1717,ckie9t257007f246azz6y65h1.txt,txt,test
1718,ckie9t257007f246azz6y65h1.xml,xml,test
1719,ckiea7roj007n246anpat44vr.jpeg,jpeg,test
1720,ckiea7roj007n246anpat44vr.txt,txt,test
1721,ckiea7roj007n246anpat44vr.xml,xml,test
1722,ckifja6dj0080246ah2pbu5c7.jpeg,jpeg,test
1723,ckifja6dj0080246ah2pbu5c7.txt,txt,test
1724,ckifja6dj0080246ah2pbu5c7.xml,xml,test
1725,ckifob8ae00ac246aspnnzb4s.jpeg,jpeg,test
1726,ckifob8ae00ac246aspnnzb4s.txt,txt,test
1727,ckifob8ae00ac246aspnnzb4s.xml,xml,test
1728,ckifoesk900ae246adon2oi36.jpeg,jpeg,test
1729,ckifoesk900ae246adon2oi36.txt,txt,test
1730,ckifoesk900ae246adon2oi36.xml,xml,test
1731,ckj2qkszj0000246a97ibd89g.png,png,test
1732,ckj2qkszj0000246a97ibd89g.txt,txt,test
1733,ckj2qkszj0000246a97ibd89g.xml,xml,test
1734,ckj2qofgm0002246aka7idva2.png,png,test
1735,ckj2qofgm0002246aka7idva2.txt,txt,test
1736,ckj2qofgm0002246aka7idva2.xml,xml,test
1737,ckj2rbzak000i246a29ubfv5x.png,png,test
1738,ckj2rbzak000i246a29ubfv5x.txt,txt,test
1739,ckj2rbzak000i246a29ubfv5x.xml,xml,test
1740,ckj2rfvrd000l246axyi8kp5x.png,png,test
1741,ckj2rfvrd000l246axyi8kp5x.txt,txt,test
1742,ckj2rfvrd000l246axyi8kp5x.xml,xml,test
1743,ckj2rx1lh000x246aka477bwh.png,png,test
1744,ckj2rx1lh000x246aka477bwh.txt,txt,test
1745,ckj2rx1lh000x246aka477bwh.xml,xml,test
1746,ckj6p7y6j001g246aah9sd8u9.png,png,test
1747,ckj6p7y6j001g246aah9sd8u9.txt,txt,test
1748,ckj6p7y6j001g246aah9sd8u9.xml,xml,test
1749,ckj6u1kxg0002246a2l9x47kt.png,png,test
1750,ckj6u1kxg0002246a2l9x47kt.txt,txt,test
1751,ckj6u1kxg0002246a2l9x47kt.xml,xml,test
1752,ckj6u30bj0003246ad1yv8vtg.png,png,test
1753,ckj6u30bj0003246ad1yv8vtg.txt,txt,test
1754,ckj6u30bj0003246ad1yv8vtg.xml,xml,test
1755,ckj6uqogb000l246a11f6lmsy.png,png,test
1756,ckj6uqogb000l246a11f6lmsy.txt,txt,test
1757,ckj6uqogb000l246a11f6lmsy.xml,xml,test
1758,ckj6z1rgf0017246a29d2uvj8.png,png,test
1759,ckj6z1rgf0017246a29d2uvj8.txt,txt,test
1760,ckj6z1rgf0017246a29d2uvj8.xml,xml,test
1761,ckn76t4jc009w30687n2lcrv6.jpeg,jpeg,test
1762,ckn76t4jc009w30687n2lcrv6.txt,txt,test
1763,ckn76t4jc009w30687n2lcrv6.xml,xml,test
1764,ckn7azkx000vz30681dukt0g6.jpeg,jpeg,test
1765,ckn7azkx000vz30681dukt0g6.txt,txt,test
1766,ckn7azkx000vz30681dukt0g6.xml,xml,test
1767,ckn7b8dn700z830683o4wnr49.jpeg,jpeg,test
1768,ckn7b8dn700z830683o4wnr49.txt,txt,test
1769,ckn7b8dn700z830683o4wnr49.xml,xml,test
1770,ckn7cludx018d3068ezkbk89i.jpeg,jpeg,test
1771,ckn7cludx018d3068ezkbk89i.txt,txt,test
1772,ckn7cludx018d3068ezkbk89i.xml,xml,test
1773,ckn7cvs8i00613h6619wlyc3u.jpeg,jpeg,test
1774,ckn7cvs8i00613h6619wlyc3u.txt,txt,test
1775,ckn7cvs8i00613h6619wlyc3u.xml,xml,test
1776,ckn7dibfl00au3h66aqhhzp0m.jpeg,jpeg,test
1777,ckn7dibfl00au3h66aqhhzp0m.txt,txt,test
1778,ckn7dibfl00au3h66aqhhzp0m.xml,xml,test
